meeting_id,meeting_date,panel,baseline,train_end_date,test_date,y_true,pred_class,p_cut,p_hold,p_hike
fomc_20001003,2000-10-03,PanelA,A0_NaiveHold,2000-08-22,2000-10-03,hold,hold,0.0,1.0,0.0
fomc_20001115,2000-11-15,PanelA,A0_NaiveHold,2000-10-03,2000-11-15,hold,hold,0.0,1.0,0.0
fomc_20001219,2000-12-19,PanelA,A0_NaiveHold,2000-11-15,2000-12-19,hold,hold,0.0,1.0,0.0
fomc_20010103,2001-01-03,PanelA,A0_NaiveHold,2000-12-19,2001-01-03,cut,hold,0.0,1.0,0.0
fomc_20010131,2001-01-31,PanelA,A0_NaiveHold,2001-01-03,2001-01-31,cut,hold,0.0,1.0,0.0
fomc_20010320,2001-03-20,PanelA,A0_NaiveHold,2001-01-31,2001-03-20,cut,hold,0.0,1.0,0.0
fomc_20010418,2001-04-18,PanelA,A0_NaiveHold,2001-03-20,2001-04-18,cut,hold,0.0,1.0,0.0
fomc_20010515,2001-05-15,PanelA,A0_NaiveHold,2001-04-18,2001-05-15,cut,hold,0.0,1.0,0.0
fomc_20010627,2001-06-27,PanelA,A0_NaiveHold,2001-05-15,2001-06-27,cut,hold,0.0,1.0,0.0
fomc_20010821,2001-08-21,PanelA,A0_NaiveHold,2001-06-27,2001-08-21,cut,hold,0.0,1.0,0.0
fomc_20010917,2001-09-17,PanelA,A0_NaiveHold,2001-08-21,2001-09-17,cut,hold,0.0,1.0,0.0
fomc_20011002,2001-10-02,PanelA,A0_NaiveHold,2001-09-17,2001-10-02,cut,hold,0.0,1.0,0.0
fomc_20011106,2001-11-06,PanelA,A0_NaiveHold,2001-10-02,2001-11-06,cut,hold,0.0,1.0,0.0
fomc_20011211,2001-12-11,PanelA,A0_NaiveHold,2001-11-06,2001-12-11,cut,hold,0.0,1.0,0.0
fomc_20020130,2002-01-30,PanelA,A0_NaiveHold,2001-12-11,2002-01-30,hold,hold,0.0,1.0,0.0
fomc_20020319,2002-03-19,PanelA,A0_NaiveHold,2002-01-30,2002-03-19,hold,hold,0.0,1.0,0.0
fomc_20020507,2002-05-07,PanelA,A0_NaiveHold,2002-03-19,2002-05-07,hold,hold,0.0,1.0,0.0
fomc_20020626,2002-06-26,PanelA,A0_NaiveHold,2002-05-07,2002-06-26,hold,hold,0.0,1.0,0.0
fomc_20020813,2002-08-13,PanelA,A0_NaiveHold,2002-06-26,2002-08-13,hold,hold,0.0,1.0,0.0
fomc_20020924,2002-09-24,PanelA,A0_NaiveHold,2002-08-13,2002-09-24,hold,hold,0.0,1.0,0.0
fomc_20021106,2002-11-06,PanelA,A0_NaiveHold,2002-09-24,2002-11-06,cut,hold,0.0,1.0,0.0
fomc_20021210,2002-12-10,PanelA,A0_NaiveHold,2002-11-06,2002-12-10,hold,hold,0.0,1.0,0.0
fomc_20030129,2003-01-29,PanelA,A0_NaiveHold,2002-12-10,2003-01-29,hold,hold,0.0,1.0,0.0
fomc_20030318,2003-03-18,PanelA,A0_NaiveHold,2003-01-29,2003-03-18,hold,hold,0.0,1.0,0.0
fomc_20030506,2003-05-06,PanelA,A0_NaiveHold,2003-03-18,2003-05-06,hold,hold,0.0,1.0,0.0
fomc_20030625,2003-06-25,PanelA,A0_NaiveHold,2003-05-06,2003-06-25,cut,hold,0.0,1.0,0.0
fomc_20030812,2003-08-12,PanelA,A0_NaiveHold,2003-06-25,2003-08-12,hold,hold,0.0,1.0,0.0
fomc_20030916,2003-09-16,PanelA,A0_NaiveHold,2003-08-12,2003-09-16,hold,hold,0.0,1.0,0.0
fomc_20031028,2003-10-28,PanelA,A0_NaiveHold,2003-09-16,2003-10-28,hold,hold,0.0,1.0,0.0
fomc_20031209,2003-12-09,PanelA,A0_NaiveHold,2003-10-28,2003-12-09,hold,hold,0.0,1.0,0.0
fomc_20040128,2004-01-28,PanelA,A0_NaiveHold,2003-12-09,2004-01-28,hold,hold,0.0,1.0,0.0
fomc_20040316,2004-03-16,PanelA,A0_NaiveHold,2004-01-28,2004-03-16,hold,hold,0.0,1.0,0.0
fomc_20040504,2004-05-04,PanelA,A0_NaiveHold,2004-03-16,2004-05-04,hold,hold,0.0,1.0,0.0
fomc_20040630,2004-06-30,PanelA,A0_NaiveHold,2004-05-04,2004-06-30,hike,hold,0.0,1.0,0.0
fomc_20040810,2004-08-10,PanelA,A0_NaiveHold,2004-06-30,2004-08-10,hike,hold,0.0,1.0,0.0
fomc_20040921,2004-09-21,PanelA,A0_NaiveHold,2004-08-10,2004-09-21,hike,hold,0.0,1.0,0.0
fomc_20041110,2004-11-10,PanelA,A0_NaiveHold,2004-09-21,2004-11-10,hike,hold,0.0,1.0,0.0
fomc_20041214,2004-12-14,PanelA,A0_NaiveHold,2004-11-10,2004-12-14,hike,hold,0.0,1.0,0.0
fomc_20050202,2005-02-02,PanelA,A0_NaiveHold,2004-12-14,2005-02-02,hike,hold,0.0,1.0,0.0
fomc_20050322,2005-03-22,PanelA,A0_NaiveHold,2005-02-02,2005-03-22,hike,hold,0.0,1.0,0.0
fomc_20050503,2005-05-03,PanelA,A0_NaiveHold,2005-03-22,2005-05-03,hike,hold,0.0,1.0,0.0
fomc_20050630,2005-06-30,PanelA,A0_NaiveHold,2005-05-03,2005-06-30,hike,hold,0.0,1.0,0.0
fomc_20050809,2005-08-09,PanelA,A0_NaiveHold,2005-06-30,2005-08-09,hike,hold,0.0,1.0,0.0
fomc_20050920,2005-09-20,PanelA,A0_NaiveHold,2005-08-09,2005-09-20,hike,hold,0.0,1.0,0.0
fomc_20051101,2005-11-01,PanelA,A0_NaiveHold,2005-09-20,2005-11-01,hike,hold,0.0,1.0,0.0
fomc_20051213,2005-12-13,PanelA,A0_NaiveHold,2005-11-01,2005-12-13,hike,hold,0.0,1.0,0.0
fomc_20060131,2006-01-31,PanelA,A0_NaiveHold,2005-12-13,2006-01-31,hike,hold,0.0,1.0,0.0
fomc_20060328,2006-03-28,PanelA,A0_NaiveHold,2006-01-31,2006-03-28,hike,hold,0.0,1.0,0.0
fomc_20060510,2006-05-10,PanelA,A0_NaiveHold,2006-03-28,2006-05-10,hike,hold,0.0,1.0,0.0
fomc_20060629,2006-06-29,PanelA,A0_NaiveHold,2006-05-10,2006-06-29,hike,hold,0.0,1.0,0.0
fomc_20060808,2006-08-08,PanelA,A0_NaiveHold,2006-06-29,2006-08-08,hold,hold,0.0,1.0,0.0
fomc_20060920,2006-09-20,PanelA,A0_NaiveHold,2006-08-08,2006-09-20,hold,hold,0.0,1.0,0.0
fomc_20061025,2006-10-25,PanelA,A0_NaiveHold,2006-09-20,2006-10-25,hold,hold,0.0,1.0,0.0
fomc_20061212,2006-12-12,PanelA,A0_NaiveHold,2006-10-25,2006-12-12,hold,hold,0.0,1.0,0.0
fomc_20070131,2007-01-31,PanelA,A0_NaiveHold,2006-12-12,2007-01-31,hold,hold,0.0,1.0,0.0
fomc_20070321,2007-03-21,PanelA,A0_NaiveHold,2007-01-31,2007-03-21,hold,hold,0.0,1.0,0.0
fomc_20070509,2007-05-09,PanelA,A0_NaiveHold,2007-03-21,2007-05-09,hold,hold,0.0,1.0,0.0
fomc_20070618,2007-06-18,PanelA,A0_NaiveHold,2007-05-09,2007-06-18,hold,hold,0.0,1.0,0.0
fomc_20070807,2007-08-07,PanelA,A0_NaiveHold,2007-06-18,2007-08-07,hold,hold,0.0,1.0,0.0
fomc_20070810,2007-08-10,PanelA,A0_NaiveHold,2007-08-07,2007-08-10,hold,hold,0.0,1.0,0.0
fomc_20070817,2007-08-17,PanelA,A0_NaiveHold,2007-08-10,2007-08-17,hold,hold,0.0,1.0,0.0
fomc_20070918,2007-09-18,PanelA,A0_NaiveHold,2007-08-17,2007-09-18,cut,hold,0.0,1.0,0.0
fomc_20071031,2007-10-31,PanelA,A0_NaiveHold,2007-09-18,2007-10-31,cut,hold,0.0,1.0,0.0
fomc_20071211,2007-12-11,PanelA,A0_NaiveHold,2007-10-31,2007-12-11,cut,hold,0.0,1.0,0.0
fomc_20080122,2008-01-22,PanelA,A0_NaiveHold,2007-12-11,2008-01-22,cut,hold,0.0,1.0,0.0
fomc_20080130,2008-01-30,PanelA,A0_NaiveHold,2008-01-22,2008-01-30,cut,hold,0.0,1.0,0.0
fomc_20080311,2008-03-11,PanelA,A0_NaiveHold,2008-01-30,2008-03-11,hold,hold,0.0,1.0,0.0
fomc_20080318,2008-03-18,PanelA,A0_NaiveHold,2008-03-11,2008-03-18,cut,hold,0.0,1.0,0.0
fomc_20080430,2008-04-30,PanelA,A0_NaiveHold,2008-03-18,2008-04-30,cut,hold,0.0,1.0,0.0
fomc_20080625,2008-06-25,PanelA,A0_NaiveHold,2008-04-30,2008-06-25,hold,hold,0.0,1.0,0.0
fomc_20080805,2008-08-05,PanelA,A0_NaiveHold,2008-06-25,2008-08-05,hold,hold,0.0,1.0,0.0
fomc_20080916,2008-09-16,PanelA,A0_NaiveHold,2008-08-05,2008-09-16,hold,hold,0.0,1.0,0.0
fomc_20081008,2008-10-08,PanelA,A0_NaiveHold,2008-09-16,2008-10-08,cut,hold,0.0,1.0,0.0
fomc_20081029,2008-10-29,PanelA,A0_NaiveHold,2008-10-08,2008-10-29,cut,hold,0.0,1.0,0.0
fomc_20081216,2008-12-16,PanelA,A0_NaiveHold,2008-10-29,2008-12-16,cut,hold,0.0,1.0,0.0
fomc_20090128,2009-01-28,PanelA,A0_NaiveHold,2008-12-16,2009-01-28,hold,hold,0.0,1.0,0.0
fomc_20090318,2009-03-18,PanelA,A0_NaiveHold,2009-01-28,2009-03-18,hold,hold,0.0,1.0,0.0
fomc_20090429,2009-04-29,PanelA,A0_NaiveHold,2009-03-18,2009-04-29,hold,hold,0.0,1.0,0.0
fomc_20090624,2009-06-24,PanelA,A0_NaiveHold,2009-04-29,2009-06-24,hold,hold,0.0,1.0,0.0
fomc_20090812,2009-08-12,PanelA,A0_NaiveHold,2009-06-24,2009-08-12,hold,hold,0.0,1.0,0.0
fomc_20090923,2009-09-23,PanelA,A0_NaiveHold,2009-08-12,2009-09-23,hold,hold,0.0,1.0,0.0
fomc_20091104,2009-11-04,PanelA,A0_NaiveHold,2009-09-23,2009-11-04,hold,hold,0.0,1.0,0.0
fomc_20091216,2009-12-16,PanelA,A0_NaiveHold,2009-11-04,2009-12-16,hold,hold,0.0,1.0,0.0
fomc_20100127,2010-01-27,PanelA,A0_NaiveHold,2009-12-16,2010-01-27,hold,hold,0.0,1.0,0.0
fomc_20100316,2010-03-16,PanelA,A0_NaiveHold,2010-01-27,2010-03-16,hold,hold,0.0,1.0,0.0
fomc_20100428,2010-04-28,PanelA,A0_NaiveHold,2010-03-16,2010-04-28,hold,hold,0.0,1.0,0.0
fomc_20100509,2010-05-09,PanelA,A0_NaiveHold,2010-04-28,2010-05-09,hold,hold,0.0,1.0,0.0
fomc_20100623,2010-06-23,PanelA,A0_NaiveHold,2010-05-09,2010-06-23,hold,hold,0.0,1.0,0.0
fomc_20100810,2010-08-10,PanelA,A0_NaiveHold,2010-06-23,2010-08-10,hold,hold,0.0,1.0,0.0
fomc_20100921,2010-09-21,PanelA,A0_NaiveHold,2010-08-10,2010-09-21,hold,hold,0.0,1.0,0.0
fomc_20101103,2010-11-03,PanelA,A0_NaiveHold,2010-09-21,2010-11-03,hold,hold,0.0,1.0,0.0
fomc_20101214,2010-12-14,PanelA,A0_NaiveHold,2010-11-03,2010-12-14,hold,hold,0.0,1.0,0.0
fomc_20110126,2011-01-26,PanelA,A0_NaiveHold,2010-12-14,2011-01-26,hold,hold,0.0,1.0,0.0
fomc_20110315,2011-03-15,PanelA,A0_NaiveHold,2011-01-26,2011-03-15,hold,hold,0.0,1.0,0.0
fomc_20110427,2011-04-27,PanelA,A0_NaiveHold,2011-03-15,2011-04-27,hold,hold,0.0,1.0,0.0
fomc_20110622,2011-06-22,PanelA,A0_NaiveHold,2011-04-27,2011-06-22,hold,hold,0.0,1.0,0.0
fomc_20110809,2011-08-09,PanelA,A0_NaiveHold,2011-06-22,2011-08-09,hold,hold,0.0,1.0,0.0
fomc_20110921,2011-09-21,PanelA,A0_NaiveHold,2011-08-09,2011-09-21,hold,hold,0.0,1.0,0.0
fomc_20111102,2011-11-02,PanelA,A0_NaiveHold,2011-09-21,2011-11-02,hold,hold,0.0,1.0,0.0
fomc_20111213,2011-12-13,PanelA,A0_NaiveHold,2011-11-02,2011-12-13,hold,hold,0.0,1.0,0.0
fomc_20120125,2012-01-25,PanelA,A0_NaiveHold,2011-12-13,2012-01-25,hold,hold,0.0,1.0,0.0
fomc_20120313,2012-03-13,PanelA,A0_NaiveHold,2012-01-25,2012-03-13,hold,hold,0.0,1.0,0.0
fomc_20120425,2012-04-25,PanelA,A0_NaiveHold,2012-03-13,2012-04-25,hold,hold,0.0,1.0,0.0
fomc_20120620,2012-06-20,PanelA,A0_NaiveHold,2012-04-25,2012-06-20,hold,hold,0.0,1.0,0.0
fomc_20120801,2012-08-01,PanelA,A0_NaiveHold,2012-06-20,2012-08-01,hold,hold,0.0,1.0,0.0
fomc_20120913,2012-09-13,PanelA,A0_NaiveHold,2012-08-01,2012-09-13,hold,hold,0.0,1.0,0.0
fomc_20121024,2012-10-24,PanelA,A0_NaiveHold,2012-09-13,2012-10-24,hold,hold,0.0,1.0,0.0
fomc_20121212,2012-12-12,PanelA,A0_NaiveHold,2012-10-24,2012-12-12,hold,hold,0.0,1.0,0.0
fomc_20130130,2013-01-30,PanelA,A0_NaiveHold,2012-12-12,2013-01-30,hold,hold,0.0,1.0,0.0
fomc_20130320,2013-03-20,PanelA,A0_NaiveHold,2013-01-30,2013-03-20,hold,hold,0.0,1.0,0.0
fomc_20130501,2013-05-01,PanelA,A0_NaiveHold,2013-03-20,2013-05-01,hold,hold,0.0,1.0,0.0
fomc_20130619,2013-06-19,PanelA,A0_NaiveHold,2013-05-01,2013-06-19,hold,hold,0.0,1.0,0.0
fomc_20130731,2013-07-31,PanelA,A0_NaiveHold,2013-06-19,2013-07-31,hold,hold,0.0,1.0,0.0
fomc_20130918,2013-09-18,PanelA,A0_NaiveHold,2013-07-31,2013-09-18,hold,hold,0.0,1.0,0.0
fomc_20131030,2013-10-30,PanelA,A0_NaiveHold,2013-09-18,2013-10-30,hold,hold,0.0,1.0,0.0
fomc_20131218,2013-12-18,PanelA,A0_NaiveHold,2013-10-30,2013-12-18,hold,hold,0.0,1.0,0.0
fomc_20140129,2014-01-29,PanelA,A0_NaiveHold,2013-12-18,2014-01-29,hold,hold,0.0,1.0,0.0
fomc_20140319,2014-03-19,PanelA,A0_NaiveHold,2014-01-29,2014-03-19,hold,hold,0.0,1.0,0.0
fomc_20140430,2014-04-30,PanelA,A0_NaiveHold,2014-03-19,2014-04-30,hold,hold,0.0,1.0,0.0
fomc_20140618,2014-06-18,PanelA,A0_NaiveHold,2014-04-30,2014-06-18,hold,hold,0.0,1.0,0.0
fomc_20140730,2014-07-30,PanelA,A0_NaiveHold,2014-06-18,2014-07-30,hold,hold,0.0,1.0,0.0
fomc_20140917,2014-09-17,PanelA,A0_NaiveHold,2014-07-30,2014-09-17,hold,hold,0.0,1.0,0.0
fomc_20141029,2014-10-29,PanelA,A0_NaiveHold,2014-09-17,2014-10-29,hold,hold,0.0,1.0,0.0
fomc_20141217,2014-12-17,PanelA,A0_NaiveHold,2014-10-29,2014-12-17,hold,hold,0.0,1.0,0.0
fomc_20150128,2015-01-28,PanelA,A0_NaiveHold,2014-12-17,2015-01-28,hold,hold,0.0,1.0,0.0
fomc_20150318,2015-03-18,PanelA,A0_NaiveHold,2015-01-28,2015-03-18,hold,hold,0.0,1.0,0.0
fomc_20150429,2015-04-29,PanelA,A0_NaiveHold,2015-03-18,2015-04-29,hold,hold,0.0,1.0,0.0
fomc_20150617,2015-06-17,PanelA,A0_NaiveHold,2015-04-29,2015-06-17,hold,hold,0.0,1.0,0.0
fomc_20150729,2015-07-29,PanelA,A0_NaiveHold,2015-06-17,2015-07-29,hold,hold,0.0,1.0,0.0
fomc_20150917,2015-09-17,PanelA,A0_NaiveHold,2015-07-29,2015-09-17,hold,hold,0.0,1.0,0.0
fomc_20151028,2015-10-28,PanelA,A0_NaiveHold,2015-09-17,2015-10-28,hold,hold,0.0,1.0,0.0
fomc_20151216,2015-12-16,PanelA,A0_NaiveHold,2015-10-28,2015-12-16,hike,hold,0.0,1.0,0.0
fomc_20160127,2016-01-27,PanelA,A0_NaiveHold,2015-12-16,2016-01-27,hold,hold,0.0,1.0,0.0
fomc_20160316,2016-03-16,PanelA,A0_NaiveHold,2016-01-27,2016-03-16,hold,hold,0.0,1.0,0.0
fomc_20160427,2016-04-27,PanelA,A0_NaiveHold,2016-03-16,2016-04-27,hold,hold,0.0,1.0,0.0
fomc_20160615,2016-06-15,PanelA,A0_NaiveHold,2016-04-27,2016-06-15,hold,hold,0.0,1.0,0.0
fomc_20160727,2016-07-27,PanelA,A0_NaiveHold,2016-06-15,2016-07-27,hold,hold,0.0,1.0,0.0
fomc_20160921,2016-09-21,PanelA,A0_NaiveHold,2016-07-27,2016-09-21,hold,hold,0.0,1.0,0.0
fomc_20161102,2016-11-02,PanelA,A0_NaiveHold,2016-09-21,2016-11-02,hold,hold,0.0,1.0,0.0
fomc_20161214,2016-12-14,PanelA,A0_NaiveHold,2016-11-02,2016-12-14,hike,hold,0.0,1.0,0.0
fomc_20170201,2017-02-01,PanelA,A0_NaiveHold,2016-12-14,2017-02-01,hold,hold,0.0,1.0,0.0
fomc_20170315,2017-03-15,PanelA,A0_NaiveHold,2017-02-01,2017-03-15,hold,hold,0.0,1.0,0.0
fomc_20170503,2017-05-03,PanelA,A0_NaiveHold,2017-03-15,2017-05-03,hold,hold,0.0,1.0,0.0
fomc_20170614,2017-06-14,PanelA,A0_NaiveHold,2017-05-03,2017-06-14,hold,hold,0.0,1.0,0.0
fomc_20170726,2017-07-26,PanelA,A0_NaiveHold,2017-06-14,2017-07-26,hold,hold,0.0,1.0,0.0
fomc_20170920,2017-09-20,PanelA,A0_NaiveHold,2017-07-26,2017-09-20,hold,hold,0.0,1.0,0.0
fomc_20171101,2017-11-01,PanelA,A0_NaiveHold,2017-09-20,2017-11-01,hold,hold,0.0,1.0,0.0
fomc_20171213,2017-12-13,PanelA,A0_NaiveHold,2017-11-01,2017-12-13,hold,hold,0.0,1.0,0.0
fomc_20180131,2018-01-31,PanelA,A0_NaiveHold,2017-12-13,2018-01-31,hold,hold,0.0,1.0,0.0
fomc_20180321,2018-03-21,PanelA,A0_NaiveHold,2018-01-31,2018-03-21,hold,hold,0.0,1.0,0.0
fomc_20180502,2018-05-02,PanelA,A0_NaiveHold,2018-03-21,2018-05-02,hold,hold,0.0,1.0,0.0
fomc_20180613,2018-06-13,PanelA,A0_NaiveHold,2018-05-02,2018-06-13,hold,hold,0.0,1.0,0.0
fomc_20180801,2018-08-01,PanelA,A0_NaiveHold,2018-06-13,2018-08-01,hold,hold,0.0,1.0,0.0
fomc_20180926,2018-09-26,PanelA,A0_NaiveHold,2018-08-01,2018-09-26,hold,hold,0.0,1.0,0.0
fomc_20181108,2018-11-08,PanelA,A0_NaiveHold,2018-09-26,2018-11-08,hold,hold,0.0,1.0,0.0
fomc_20181219,2018-12-19,PanelA,A0_NaiveHold,2018-11-08,2018-12-19,hold,hold,0.0,1.0,0.0
fomc_20190130,2019-01-30,PanelA,A0_NaiveHold,2018-12-19,2019-01-30,hold,hold,0.0,1.0,0.0
fomc_20190320,2019-03-20,PanelA,A0_NaiveHold,2019-01-30,2019-03-20,hold,hold,0.0,1.0,0.0
fomc_20190501,2019-05-01,PanelA,A0_NaiveHold,2019-03-20,2019-05-01,hold,hold,0.0,1.0,0.0
fomc_20190619,2019-06-19,PanelA,A0_NaiveHold,2019-05-01,2019-06-19,hold,hold,0.0,1.0,0.0
fomc_20190731,2019-07-31,PanelA,A0_NaiveHold,2019-06-19,2019-07-31,hold,hold,0.0,1.0,0.0
fomc_20190918,2019-09-18,PanelA,A0_NaiveHold,2019-07-31,2019-09-18,hold,hold,0.0,1.0,0.0
fomc_20191011,2019-10-11,PanelA,A0_NaiveHold,2019-09-18,2019-10-11,hold,hold,0.0,1.0,0.0
fomc_20191030,2019-10-30,PanelA,A0_NaiveHold,2019-10-11,2019-10-30,hold,hold,0.0,1.0,0.0
fomc_20191211,2019-12-11,PanelA,A0_NaiveHold,2019-10-30,2019-12-11,hold,hold,0.0,1.0,0.0
fomc_20200129,2020-01-29,PanelA,A0_NaiveHold,2019-12-11,2020-01-29,hold,hold,0.0,1.0,0.0
fomc_20200303,2020-03-03,PanelA,A0_NaiveHold,2020-01-29,2020-03-03,hold,hold,0.0,1.0,0.0
fomc_20200315,2020-03-15,PanelA,A0_NaiveHold,2020-03-03,2020-03-15,hold,hold,0.0,1.0,0.0
fomc_20200319,2020-03-19,PanelA,A0_NaiveHold,2020-03-15,2020-03-19,hold,hold,0.0,1.0,0.0
fomc_20200323,2020-03-23,PanelA,A0_NaiveHold,2020-03-19,2020-03-23,hold,hold,0.0,1.0,0.0
fomc_20200331,2020-03-31,PanelA,A0_NaiveHold,2020-03-23,2020-03-31,hold,hold,0.0,1.0,0.0
fomc_20200429,2020-04-29,PanelA,A0_NaiveHold,2020-03-31,2020-04-29,hold,hold,0.0,1.0,0.0
fomc_20200610,2020-06-10,PanelA,A0_NaiveHold,2020-04-29,2020-06-10,hold,hold,0.0,1.0,0.0
fomc_20200729,2020-07-29,PanelA,A0_NaiveHold,2020-06-10,2020-07-29,hold,hold,0.0,1.0,0.0
fomc_20200916,2020-09-16,PanelA,A0_NaiveHold,2020-07-29,2020-09-16,hold,hold,0.0,1.0,0.0
fomc_20201105,2020-11-05,PanelA,A0_NaiveHold,2020-09-16,2020-11-05,hold,hold,0.0,1.0,0.0
fomc_20201216,2020-12-16,PanelA,A0_NaiveHold,2020-11-05,2020-12-16,hold,hold,0.0,1.0,0.0
fomc_20210127,2021-01-27,PanelA,A0_NaiveHold,2020-12-16,2021-01-27,hold,hold,0.0,1.0,0.0
fomc_20210317,2021-03-17,PanelA,A0_NaiveHold,2021-01-27,2021-03-17,hold,hold,0.0,1.0,0.0
fomc_20210428,2021-04-28,PanelA,A0_NaiveHold,2021-03-17,2021-04-28,hold,hold,0.0,1.0,0.0
fomc_20210616,2021-06-16,PanelA,A0_NaiveHold,2021-04-28,2021-06-16,hold,hold,0.0,1.0,0.0
fomc_20210728,2021-07-28,PanelA,A0_NaiveHold,2021-06-16,2021-07-28,hold,hold,0.0,1.0,0.0
fomc_20210922,2021-09-22,PanelA,A0_NaiveHold,2021-07-28,2021-09-22,hold,hold,0.0,1.0,0.0
fomc_20211103,2021-11-03,PanelA,A0_NaiveHold,2021-09-22,2021-11-03,hold,hold,0.0,1.0,0.0
fomc_20211215,2021-12-15,PanelA,A0_NaiveHold,2021-11-03,2021-12-15,hold,hold,0.0,1.0,0.0
fomc_20220126,2022-01-26,PanelA,A0_NaiveHold,2021-12-15,2022-01-26,hold,hold,0.0,1.0,0.0
fomc_20220316,2022-03-16,PanelA,A0_NaiveHold,2022-01-26,2022-03-16,hold,hold,0.0,1.0,0.0
fomc_20220504,2022-05-04,PanelA,A0_NaiveHold,2022-03-16,2022-05-04,hold,hold,0.0,1.0,0.0
fomc_20220615,2022-06-15,PanelA,A0_NaiveHold,2022-05-04,2022-06-15,hold,hold,0.0,1.0,0.0
fomc_20220727,2022-07-27,PanelA,A0_NaiveHold,2022-06-15,2022-07-27,hold,hold,0.0,1.0,0.0
fomc_20220921,2022-09-21,PanelA,A0_NaiveHold,2022-07-27,2022-09-21,hold,hold,0.0,1.0,0.0
fomc_20221102,2022-11-02,PanelA,A0_NaiveHold,2022-09-21,2022-11-02,hold,hold,0.0,1.0,0.0
fomc_20221214,2022-12-14,PanelA,A0_NaiveHold,2022-11-02,2022-12-14,hold,hold,0.0,1.0,0.0
fomc_20230201,2023-02-01,PanelA,A0_NaiveHold,2022-12-14,2023-02-01,hold,hold,0.0,1.0,0.0
fomc_20230322,2023-03-22,PanelA,A0_NaiveHold,2023-02-01,2023-03-22,hold,hold,0.0,1.0,0.0
fomc_20230503,2023-05-03,PanelA,A0_NaiveHold,2023-03-22,2023-05-03,hold,hold,0.0,1.0,0.0
fomc_20230614,2023-06-14,PanelA,A0_NaiveHold,2023-05-03,2023-06-14,hold,hold,0.0,1.0,0.0
fomc_20230726,2023-07-26,PanelA,A0_NaiveHold,2023-06-14,2023-07-26,hold,hold,0.0,1.0,0.0
fomc_20230920,2023-09-20,PanelA,A0_NaiveHold,2023-07-26,2023-09-20,hold,hold,0.0,1.0,0.0
fomc_20231101,2023-11-01,PanelA,A0_NaiveHold,2023-09-20,2023-11-01,hold,hold,0.0,1.0,0.0
fomc_20231213,2023-12-13,PanelA,A0_NaiveHold,2023-11-01,2023-12-13,hold,hold,0.0,1.0,0.0
fomc_20240131,2024-01-31,PanelA,A0_NaiveHold,2023-12-13,2024-01-31,hold,hold,0.0,1.0,0.0
fomc_20240320,2024-03-20,PanelA,A0_NaiveHold,2024-01-31,2024-03-20,hold,hold,0.0,1.0,0.0
fomc_20240501,2024-05-01,PanelA,A0_NaiveHold,2024-03-20,2024-05-01,hold,hold,0.0,1.0,0.0
fomc_20240612,2024-06-12,PanelA,A0_NaiveHold,2024-05-01,2024-06-12,hold,hold,0.0,1.0,0.0
fomc_20240731,2024-07-31,PanelA,A0_NaiveHold,2024-06-12,2024-07-31,hold,hold,0.0,1.0,0.0
fomc_20240918,2024-09-18,PanelA,A0_NaiveHold,2024-07-31,2024-09-18,hold,hold,0.0,1.0,0.0
fomc_20241107,2024-11-07,PanelA,A0_NaiveHold,2024-09-18,2024-11-07,hold,hold,0.0,1.0,0.0
fomc_20241218,2024-12-18,PanelA,A0_NaiveHold,2024-11-07,2024-12-18,hold,hold,0.0,1.0,0.0
fomc_20250129,2025-01-29,PanelA,A0_NaiveHold,2024-12-18,2025-01-29,hold,hold,0.0,1.0,0.0
fomc_20250319,2025-03-19,PanelA,A0_NaiveHold,2025-01-29,2025-03-19,hold,hold,0.0,1.0,0.0
fomc_20250507,2025-05-07,PanelA,A0_NaiveHold,2025-03-19,2025-05-07,hold,hold,0.0,1.0,0.0
fomc_20250618,2025-06-18,PanelA,A0_NaiveHold,2025-05-07,2025-06-18,hold,hold,0.0,1.0,0.0
fomc_20250730,2025-07-30,PanelA,A0_NaiveHold,2025-06-18,2025-07-30,hold,hold,0.0,1.0,0.0
fomc_20250917,2025-09-17,PanelA,A0_NaiveHold,2025-07-30,2025-09-17,hold,hold,0.0,1.0,0.0
fomc_20251029,2025-10-29,PanelA,A0_NaiveHold,2025-09-17,2025-10-29,hold,hold,0.0,1.0,0.0
fomc_20251210,2025-12-10,PanelA,A0_NaiveHold,2025-10-29,2025-12-10,hold,hold,0.0,1.0,0.0
fomc_20260128,2026-01-28,PanelA,A0_NaiveHold,2025-12-10,2026-01-28,hold,hold,0.0,1.0,0.0
fomc_20260318,2026-03-18,PanelA,A0_NaiveHold,2026-01-28,2026-03-18,hold,hold,0.0,1.0,0.0
fomc_20001003,2000-10-03,PanelA,A1_Persistence,2000-08-22,2000-10-03,hold,hold,0.0,1.0,0.0
fomc_20001115,2000-11-15,PanelA,A1_Persistence,2000-10-03,2000-11-15,hold,hold,0.0,1.0,0.0
fomc_20001219,2000-12-19,PanelA,A1_Persistence,2000-11-15,2000-12-19,hold,hold,0.0,1.0,0.0
fomc_20010103,2001-01-03,PanelA,A1_Persistence,2000-12-19,2001-01-03,cut,hold,0.0,1.0,0.0
fomc_20010131,2001-01-31,PanelA,A1_Persistence,2001-01-03,2001-01-31,cut,cut,1.0,0.0,0.0
fomc_20010320,2001-03-20,PanelA,A1_Persistence,2001-01-31,2001-03-20,cut,cut,1.0,0.0,0.0
fomc_20010418,2001-04-18,PanelA,A1_Persistence,2001-03-20,2001-04-18,cut,cut,1.0,0.0,0.0
fomc_20010515,2001-05-15,PanelA,A1_Persistence,2001-04-18,2001-05-15,cut,cut,1.0,0.0,0.0
fomc_20010627,2001-06-27,PanelA,A1_Persistence,2001-05-15,2001-06-27,cut,cut,1.0,0.0,0.0
fomc_20010821,2001-08-21,PanelA,A1_Persistence,2001-06-27,2001-08-21,cut,cut,1.0,0.0,0.0
fomc_20010917,2001-09-17,PanelA,A1_Persistence,2001-08-21,2001-09-17,cut,cut,1.0,0.0,0.0
fomc_20011002,2001-10-02,PanelA,A1_Persistence,2001-09-17,2001-10-02,cut,cut,1.0,0.0,0.0
fomc_20011106,2001-11-06,PanelA,A1_Persistence,2001-10-02,2001-11-06,cut,cut,1.0,0.0,0.0
fomc_20011211,2001-12-11,PanelA,A1_Persistence,2001-11-06,2001-12-11,cut,cut,1.0,0.0,0.0
fomc_20020130,2002-01-30,PanelA,A1_Persistence,2001-12-11,2002-01-30,hold,cut,1.0,0.0,0.0
fomc_20020319,2002-03-19,PanelA,A1_Persistence,2002-01-30,2002-03-19,hold,hold,0.0,1.0,0.0
fomc_20020507,2002-05-07,PanelA,A1_Persistence,2002-03-19,2002-05-07,hold,hold,0.0,1.0,0.0
fomc_20020626,2002-06-26,PanelA,A1_Persistence,2002-05-07,2002-06-26,hold,hold,0.0,1.0,0.0
fomc_20020813,2002-08-13,PanelA,A1_Persistence,2002-06-26,2002-08-13,hold,hold,0.0,1.0,0.0
fomc_20020924,2002-09-24,PanelA,A1_Persistence,2002-08-13,2002-09-24,hold,hold,0.0,1.0,0.0
fomc_20021106,2002-11-06,PanelA,A1_Persistence,2002-09-24,2002-11-06,cut,hold,0.0,1.0,0.0
fomc_20021210,2002-12-10,PanelA,A1_Persistence,2002-11-06,2002-12-10,hold,cut,1.0,0.0,0.0
fomc_20030129,2003-01-29,PanelA,A1_Persistence,2002-12-10,2003-01-29,hold,hold,0.0,1.0,0.0
fomc_20030318,2003-03-18,PanelA,A1_Persistence,2003-01-29,2003-03-18,hold,hold,0.0,1.0,0.0
fomc_20030506,2003-05-06,PanelA,A1_Persistence,2003-03-18,2003-05-06,hold,hold,0.0,1.0,0.0
fomc_20030625,2003-06-25,PanelA,A1_Persistence,2003-05-06,2003-06-25,cut,hold,0.0,1.0,0.0
fomc_20030812,2003-08-12,PanelA,A1_Persistence,2003-06-25,2003-08-12,hold,cut,1.0,0.0,0.0
fomc_20030916,2003-09-16,PanelA,A1_Persistence,2003-08-12,2003-09-16,hold,hold,0.0,1.0,0.0
fomc_20031028,2003-10-28,PanelA,A1_Persistence,2003-09-16,2003-10-28,hold,hold,0.0,1.0,0.0
fomc_20031209,2003-12-09,PanelA,A1_Persistence,2003-10-28,2003-12-09,hold,hold,0.0,1.0,0.0
fomc_20040128,2004-01-28,PanelA,A1_Persistence,2003-12-09,2004-01-28,hold,hold,0.0,1.0,0.0
fomc_20040316,2004-03-16,PanelA,A1_Persistence,2004-01-28,2004-03-16,hold,hold,0.0,1.0,0.0
fomc_20040504,2004-05-04,PanelA,A1_Persistence,2004-03-16,2004-05-04,hold,hold,0.0,1.0,0.0
fomc_20040630,2004-06-30,PanelA,A1_Persistence,2004-05-04,2004-06-30,hike,hold,0.0,1.0,0.0
fomc_20040810,2004-08-10,PanelA,A1_Persistence,2004-06-30,2004-08-10,hike,hike,0.0,0.0,1.0
fomc_20040921,2004-09-21,PanelA,A1_Persistence,2004-08-10,2004-09-21,hike,hike,0.0,0.0,1.0
fomc_20041110,2004-11-10,PanelA,A1_Persistence,2004-09-21,2004-11-10,hike,hike,0.0,0.0,1.0
fomc_20041214,2004-12-14,PanelA,A1_Persistence,2004-11-10,2004-12-14,hike,hike,0.0,0.0,1.0
fomc_20050202,2005-02-02,PanelA,A1_Persistence,2004-12-14,2005-02-02,hike,hike,0.0,0.0,1.0
fomc_20050322,2005-03-22,PanelA,A1_Persistence,2005-02-02,2005-03-22,hike,hike,0.0,0.0,1.0
fomc_20050503,2005-05-03,PanelA,A1_Persistence,2005-03-22,2005-05-03,hike,hike,0.0,0.0,1.0
fomc_20050630,2005-06-30,PanelA,A1_Persistence,2005-05-03,2005-06-30,hike,hike,0.0,0.0,1.0
fomc_20050809,2005-08-09,PanelA,A1_Persistence,2005-06-30,2005-08-09,hike,hike,0.0,0.0,1.0
fomc_20050920,2005-09-20,PanelA,A1_Persistence,2005-08-09,2005-09-20,hike,hike,0.0,0.0,1.0
fomc_20051101,2005-11-01,PanelA,A1_Persistence,2005-09-20,2005-11-01,hike,hike,0.0,0.0,1.0
fomc_20051213,2005-12-13,PanelA,A1_Persistence,2005-11-01,2005-12-13,hike,hike,0.0,0.0,1.0
fomc_20060131,2006-01-31,PanelA,A1_Persistence,2005-12-13,2006-01-31,hike,hike,0.0,0.0,1.0
fomc_20060328,2006-03-28,PanelA,A1_Persistence,2006-01-31,2006-03-28,hike,hike,0.0,0.0,1.0
fomc_20060510,2006-05-10,PanelA,A1_Persistence,2006-03-28,2006-05-10,hike,hike,0.0,0.0,1.0
fomc_20060629,2006-06-29,PanelA,A1_Persistence,2006-05-10,2006-06-29,hike,hike,0.0,0.0,1.0
fomc_20060808,2006-08-08,PanelA,A1_Persistence,2006-06-29,2006-08-08,hold,hike,0.0,0.0,1.0
fomc_20060920,2006-09-20,PanelA,A1_Persistence,2006-08-08,2006-09-20,hold,hold,0.0,1.0,0.0
fomc_20061025,2006-10-25,PanelA,A1_Persistence,2006-09-20,2006-10-25,hold,hold,0.0,1.0,0.0
fomc_20061212,2006-12-12,PanelA,A1_Persistence,2006-10-25,2006-12-12,hold,hold,0.0,1.0,0.0
fomc_20070131,2007-01-31,PanelA,A1_Persistence,2006-12-12,2007-01-31,hold,hold,0.0,1.0,0.0
fomc_20070321,2007-03-21,PanelA,A1_Persistence,2007-01-31,2007-03-21,hold,hold,0.0,1.0,0.0
fomc_20070509,2007-05-09,PanelA,A1_Persistence,2007-03-21,2007-05-09,hold,hold,0.0,1.0,0.0
fomc_20070618,2007-06-18,PanelA,A1_Persistence,2007-05-09,2007-06-18,hold,hold,0.0,1.0,0.0
fomc_20070807,2007-08-07,PanelA,A1_Persistence,2007-06-18,2007-08-07,hold,hold,0.0,1.0,0.0
fomc_20070810,2007-08-10,PanelA,A1_Persistence,2007-08-07,2007-08-10,hold,hold,0.0,1.0,0.0
fomc_20070817,2007-08-17,PanelA,A1_Persistence,2007-08-10,2007-08-17,hold,hold,0.0,1.0,0.0
fomc_20070918,2007-09-18,PanelA,A1_Persistence,2007-08-17,2007-09-18,cut,hold,0.0,1.0,0.0
fomc_20071031,2007-10-31,PanelA,A1_Persistence,2007-09-18,2007-10-31,cut,cut,1.0,0.0,0.0
fomc_20071211,2007-12-11,PanelA,A1_Persistence,2007-10-31,2007-12-11,cut,cut,1.0,0.0,0.0
fomc_20080122,2008-01-22,PanelA,A1_Persistence,2007-12-11,2008-01-22,cut,cut,1.0,0.0,0.0
fomc_20080130,2008-01-30,PanelA,A1_Persistence,2008-01-22,2008-01-30,cut,cut,1.0,0.0,0.0
fomc_20080311,2008-03-11,PanelA,A1_Persistence,2008-01-30,2008-03-11,hold,cut,1.0,0.0,0.0
fomc_20080318,2008-03-18,PanelA,A1_Persistence,2008-03-11,2008-03-18,cut,hold,0.0,1.0,0.0
fomc_20080430,2008-04-30,PanelA,A1_Persistence,2008-03-18,2008-04-30,cut,cut,1.0,0.0,0.0
fomc_20080625,2008-06-25,PanelA,A1_Persistence,2008-04-30,2008-06-25,hold,cut,1.0,0.0,0.0
fomc_20080805,2008-08-05,PanelA,A1_Persistence,2008-06-25,2008-08-05,hold,hold,0.0,1.0,0.0
fomc_20080916,2008-09-16,PanelA,A1_Persistence,2008-08-05,2008-09-16,hold,hold,0.0,1.0,0.0
fomc_20081008,2008-10-08,PanelA,A1_Persistence,2008-09-16,2008-10-08,cut,hold,0.0,1.0,0.0
fomc_20081029,2008-10-29,PanelA,A1_Persistence,2008-10-08,2008-10-29,cut,cut,1.0,0.0,0.0
fomc_20081216,2008-12-16,PanelA,A1_Persistence,2008-10-29,2008-12-16,cut,cut,1.0,0.0,0.0
fomc_20090128,2009-01-28,PanelA,A1_Persistence,2008-12-16,2009-01-28,hold,cut,1.0,0.0,0.0
fomc_20090318,2009-03-18,PanelA,A1_Persistence,2009-01-28,2009-03-18,hold,hold,0.0,1.0,0.0
fomc_20090429,2009-04-29,PanelA,A1_Persistence,2009-03-18,2009-04-29,hold,hold,0.0,1.0,0.0
fomc_20090624,2009-06-24,PanelA,A1_Persistence,2009-04-29,2009-06-24,hold,hold,0.0,1.0,0.0
fomc_20090812,2009-08-12,PanelA,A1_Persistence,2009-06-24,2009-08-12,hold,hold,0.0,1.0,0.0
fomc_20090923,2009-09-23,PanelA,A1_Persistence,2009-08-12,2009-09-23,hold,hold,0.0,1.0,0.0
fomc_20091104,2009-11-04,PanelA,A1_Persistence,2009-09-23,2009-11-04,hold,hold,0.0,1.0,0.0
fomc_20091216,2009-12-16,PanelA,A1_Persistence,2009-11-04,2009-12-16,hold,hold,0.0,1.0,0.0
fomc_20100127,2010-01-27,PanelA,A1_Persistence,2009-12-16,2010-01-27,hold,hold,0.0,1.0,0.0
fomc_20100316,2010-03-16,PanelA,A1_Persistence,2010-01-27,2010-03-16,hold,hold,0.0,1.0,0.0
fomc_20100428,2010-04-28,PanelA,A1_Persistence,2010-03-16,2010-04-28,hold,hold,0.0,1.0,0.0
fomc_20100509,2010-05-09,PanelA,A1_Persistence,2010-04-28,2010-05-09,hold,hold,0.0,1.0,0.0
fomc_20100623,2010-06-23,PanelA,A1_Persistence,2010-05-09,2010-06-23,hold,hold,0.0,1.0,0.0
fomc_20100810,2010-08-10,PanelA,A1_Persistence,2010-06-23,2010-08-10,hold,hold,0.0,1.0,0.0
fomc_20100921,2010-09-21,PanelA,A1_Persistence,2010-08-10,2010-09-21,hold,hold,0.0,1.0,0.0
fomc_20101103,2010-11-03,PanelA,A1_Persistence,2010-09-21,2010-11-03,hold,hold,0.0,1.0,0.0
fomc_20101214,2010-12-14,PanelA,A1_Persistence,2010-11-03,2010-12-14,hold,hold,0.0,1.0,0.0
fomc_20110126,2011-01-26,PanelA,A1_Persistence,2010-12-14,2011-01-26,hold,hold,0.0,1.0,0.0
fomc_20110315,2011-03-15,PanelA,A1_Persistence,2011-01-26,2011-03-15,hold,hold,0.0,1.0,0.0
fomc_20110427,2011-04-27,PanelA,A1_Persistence,2011-03-15,2011-04-27,hold,hold,0.0,1.0,0.0
fomc_20110622,2011-06-22,PanelA,A1_Persistence,2011-04-27,2011-06-22,hold,hold,0.0,1.0,0.0
fomc_20110809,2011-08-09,PanelA,A1_Persistence,2011-06-22,2011-08-09,hold,hold,0.0,1.0,0.0
fomc_20110921,2011-09-21,PanelA,A1_Persistence,2011-08-09,2011-09-21,hold,hold,0.0,1.0,0.0
fomc_20111102,2011-11-02,PanelA,A1_Persistence,2011-09-21,2011-11-02,hold,hold,0.0,1.0,0.0
fomc_20111213,2011-12-13,PanelA,A1_Persistence,2011-11-02,2011-12-13,hold,hold,0.0,1.0,0.0
fomc_20120125,2012-01-25,PanelA,A1_Persistence,2011-12-13,2012-01-25,hold,hold,0.0,1.0,0.0
fomc_20120313,2012-03-13,PanelA,A1_Persistence,2012-01-25,2012-03-13,hold,hold,0.0,1.0,0.0
fomc_20120425,2012-04-25,PanelA,A1_Persistence,2012-03-13,2012-04-25,hold,hold,0.0,1.0,0.0
fomc_20120620,2012-06-20,PanelA,A1_Persistence,2012-04-25,2012-06-20,hold,hold,0.0,1.0,0.0
fomc_20120801,2012-08-01,PanelA,A1_Persistence,2012-06-20,2012-08-01,hold,hold,0.0,1.0,0.0
fomc_20120913,2012-09-13,PanelA,A1_Persistence,2012-08-01,2012-09-13,hold,hold,0.0,1.0,0.0
fomc_20121024,2012-10-24,PanelA,A1_Persistence,2012-09-13,2012-10-24,hold,hold,0.0,1.0,0.0
fomc_20121212,2012-12-12,PanelA,A1_Persistence,2012-10-24,2012-12-12,hold,hold,0.0,1.0,0.0
fomc_20130130,2013-01-30,PanelA,A1_Persistence,2012-12-12,2013-01-30,hold,hold,0.0,1.0,0.0
fomc_20130320,2013-03-20,PanelA,A1_Persistence,2013-01-30,2013-03-20,hold,hold,0.0,1.0,0.0
fomc_20130501,2013-05-01,PanelA,A1_Persistence,2013-03-20,2013-05-01,hold,hold,0.0,1.0,0.0
fomc_20130619,2013-06-19,PanelA,A1_Persistence,2013-05-01,2013-06-19,hold,hold,0.0,1.0,0.0
fomc_20130731,2013-07-31,PanelA,A1_Persistence,2013-06-19,2013-07-31,hold,hold,0.0,1.0,0.0
fomc_20130918,2013-09-18,PanelA,A1_Persistence,2013-07-31,2013-09-18,hold,hold,0.0,1.0,0.0
fomc_20131030,2013-10-30,PanelA,A1_Persistence,2013-09-18,2013-10-30,hold,hold,0.0,1.0,0.0
fomc_20131218,2013-12-18,PanelA,A1_Persistence,2013-10-30,2013-12-18,hold,hold,0.0,1.0,0.0
fomc_20140129,2014-01-29,PanelA,A1_Persistence,2013-12-18,2014-01-29,hold,hold,0.0,1.0,0.0
fomc_20140319,2014-03-19,PanelA,A1_Persistence,2014-01-29,2014-03-19,hold,hold,0.0,1.0,0.0
fomc_20140430,2014-04-30,PanelA,A1_Persistence,2014-03-19,2014-04-30,hold,hold,0.0,1.0,0.0
fomc_20140618,2014-06-18,PanelA,A1_Persistence,2014-04-30,2014-06-18,hold,hold,0.0,1.0,0.0
fomc_20140730,2014-07-30,PanelA,A1_Persistence,2014-06-18,2014-07-30,hold,hold,0.0,1.0,0.0
fomc_20140917,2014-09-17,PanelA,A1_Persistence,2014-07-30,2014-09-17,hold,hold,0.0,1.0,0.0
fomc_20141029,2014-10-29,PanelA,A1_Persistence,2014-09-17,2014-10-29,hold,hold,0.0,1.0,0.0
fomc_20141217,2014-12-17,PanelA,A1_Persistence,2014-10-29,2014-12-17,hold,hold,0.0,1.0,0.0
fomc_20150128,2015-01-28,PanelA,A1_Persistence,2014-12-17,2015-01-28,hold,hold,0.0,1.0,0.0
fomc_20150318,2015-03-18,PanelA,A1_Persistence,2015-01-28,2015-03-18,hold,hold,0.0,1.0,0.0
fomc_20150429,2015-04-29,PanelA,A1_Persistence,2015-03-18,2015-04-29,hold,hold,0.0,1.0,0.0
fomc_20150617,2015-06-17,PanelA,A1_Persistence,2015-04-29,2015-06-17,hold,hold,0.0,1.0,0.0
fomc_20150729,2015-07-29,PanelA,A1_Persistence,2015-06-17,2015-07-29,hold,hold,0.0,1.0,0.0
fomc_20150917,2015-09-17,PanelA,A1_Persistence,2015-07-29,2015-09-17,hold,hold,0.0,1.0,0.0
fomc_20151028,2015-10-28,PanelA,A1_Persistence,2015-09-17,2015-10-28,hold,hold,0.0,1.0,0.0
fomc_20151216,2015-12-16,PanelA,A1_Persistence,2015-10-28,2015-12-16,hike,hold,0.0,1.0,0.0
fomc_20160127,2016-01-27,PanelA,A1_Persistence,2015-12-16,2016-01-27,hold,hike,0.0,0.0,1.0
fomc_20160316,2016-03-16,PanelA,A1_Persistence,2016-01-27,2016-03-16,hold,hold,0.0,1.0,0.0
fomc_20160427,2016-04-27,PanelA,A1_Persistence,2016-03-16,2016-04-27,hold,hold,0.0,1.0,0.0
fomc_20160615,2016-06-15,PanelA,A1_Persistence,2016-04-27,2016-06-15,hold,hold,0.0,1.0,0.0
fomc_20160727,2016-07-27,PanelA,A1_Persistence,2016-06-15,2016-07-27,hold,hold,0.0,1.0,0.0
fomc_20160921,2016-09-21,PanelA,A1_Persistence,2016-07-27,2016-09-21,hold,hold,0.0,1.0,0.0
fomc_20161102,2016-11-02,PanelA,A1_Persistence,2016-09-21,2016-11-02,hold,hold,0.0,1.0,0.0
fomc_20161214,2016-12-14,PanelA,A1_Persistence,2016-11-02,2016-12-14,hike,hold,0.0,1.0,0.0
fomc_20170201,2017-02-01,PanelA,A1_Persistence,2016-12-14,2017-02-01,hold,hike,0.0,0.0,1.0
fomc_20170315,2017-03-15,PanelA,A1_Persistence,2017-02-01,2017-03-15,hold,hold,0.0,1.0,0.0
fomc_20170503,2017-05-03,PanelA,A1_Persistence,2017-03-15,2017-05-03,hold,hold,0.0,1.0,0.0
fomc_20170614,2017-06-14,PanelA,A1_Persistence,2017-05-03,2017-06-14,hold,hold,0.0,1.0,0.0
fomc_20170726,2017-07-26,PanelA,A1_Persistence,2017-06-14,2017-07-26,hold,hold,0.0,1.0,0.0
fomc_20170920,2017-09-20,PanelA,A1_Persistence,2017-07-26,2017-09-20,hold,hold,0.0,1.0,0.0
fomc_20171101,2017-11-01,PanelA,A1_Persistence,2017-09-20,2017-11-01,hold,hold,0.0,1.0,0.0
fomc_20171213,2017-12-13,PanelA,A1_Persistence,2017-11-01,2017-12-13,hold,hold,0.0,1.0,0.0
fomc_20180131,2018-01-31,PanelA,A1_Persistence,2017-12-13,2018-01-31,hold,hold,0.0,1.0,0.0
fomc_20180321,2018-03-21,PanelA,A1_Persistence,2018-01-31,2018-03-21,hold,hold,0.0,1.0,0.0
fomc_20180502,2018-05-02,PanelA,A1_Persistence,2018-03-21,2018-05-02,hold,hold,0.0,1.0,0.0
fomc_20180613,2018-06-13,PanelA,A1_Persistence,2018-05-02,2018-06-13,hold,hold,0.0,1.0,0.0
fomc_20180801,2018-08-01,PanelA,A1_Persistence,2018-06-13,2018-08-01,hold,hold,0.0,1.0,0.0
fomc_20180926,2018-09-26,PanelA,A1_Persistence,2018-08-01,2018-09-26,hold,hold,0.0,1.0,0.0
fomc_20181108,2018-11-08,PanelA,A1_Persistence,2018-09-26,2018-11-08,hold,hold,0.0,1.0,0.0
fomc_20181219,2018-12-19,PanelA,A1_Persistence,2018-11-08,2018-12-19,hold,hold,0.0,1.0,0.0
fomc_20190130,2019-01-30,PanelA,A1_Persistence,2018-12-19,2019-01-30,hold,hold,0.0,1.0,0.0
fomc_20190320,2019-03-20,PanelA,A1_Persistence,2019-01-30,2019-03-20,hold,hold,0.0,1.0,0.0
fomc_20190501,2019-05-01,PanelA,A1_Persistence,2019-03-20,2019-05-01,hold,hold,0.0,1.0,0.0
fomc_20190619,2019-06-19,PanelA,A1_Persistence,2019-05-01,2019-06-19,hold,hold,0.0,1.0,0.0
fomc_20190731,2019-07-31,PanelA,A1_Persistence,2019-06-19,2019-07-31,hold,hold,0.0,1.0,0.0
fomc_20190918,2019-09-18,PanelA,A1_Persistence,2019-07-31,2019-09-18,hold,hold,0.0,1.0,0.0
fomc_20191011,2019-10-11,PanelA,A1_Persistence,2019-09-18,2019-10-11,hold,hold,0.0,1.0,0.0
fomc_20191030,2019-10-30,PanelA,A1_Persistence,2019-10-11,2019-10-30,hold,hold,0.0,1.0,0.0
fomc_20191211,2019-12-11,PanelA,A1_Persistence,2019-10-30,2019-12-11,hold,hold,0.0,1.0,0.0
fomc_20200129,2020-01-29,PanelA,A1_Persistence,2019-12-11,2020-01-29,hold,hold,0.0,1.0,0.0
fomc_20200303,2020-03-03,PanelA,A1_Persistence,2020-01-29,2020-03-03,hold,hold,0.0,1.0,0.0
fomc_20200315,2020-03-15,PanelA,A1_Persistence,2020-03-03,2020-03-15,hold,hold,0.0,1.0,0.0
fomc_20200319,2020-03-19,PanelA,A1_Persistence,2020-03-15,2020-03-19,hold,hold,0.0,1.0,0.0
fomc_20200323,2020-03-23,PanelA,A1_Persistence,2020-03-19,2020-03-23,hold,hold,0.0,1.0,0.0
fomc_20200331,2020-03-31,PanelA,A1_Persistence,2020-03-23,2020-03-31,hold,hold,0.0,1.0,0.0
fomc_20200429,2020-04-29,PanelA,A1_Persistence,2020-03-31,2020-04-29,hold,hold,0.0,1.0,0.0
fomc_20200610,2020-06-10,PanelA,A1_Persistence,2020-04-29,2020-06-10,hold,hold,0.0,1.0,0.0
fomc_20200729,2020-07-29,PanelA,A1_Persistence,2020-06-10,2020-07-29,hold,hold,0.0,1.0,0.0
fomc_20200916,2020-09-16,PanelA,A1_Persistence,2020-07-29,2020-09-16,hold,hold,0.0,1.0,0.0
fomc_20201105,2020-11-05,PanelA,A1_Persistence,2020-09-16,2020-11-05,hold,hold,0.0,1.0,0.0
fomc_20201216,2020-12-16,PanelA,A1_Persistence,2020-11-05,2020-12-16,hold,hold,0.0,1.0,0.0
fomc_20210127,2021-01-27,PanelA,A1_Persistence,2020-12-16,2021-01-27,hold,hold,0.0,1.0,0.0
fomc_20210317,2021-03-17,PanelA,A1_Persistence,2021-01-27,2021-03-17,hold,hold,0.0,1.0,0.0
fomc_20210428,2021-04-28,PanelA,A1_Persistence,2021-03-17,2021-04-28,hold,hold,0.0,1.0,0.0
fomc_20210616,2021-06-16,PanelA,A1_Persistence,2021-04-28,2021-06-16,hold,hold,0.0,1.0,0.0
fomc_20210728,2021-07-28,PanelA,A1_Persistence,2021-06-16,2021-07-28,hold,hold,0.0,1.0,0.0
fomc_20210922,2021-09-22,PanelA,A1_Persistence,2021-07-28,2021-09-22,hold,hold,0.0,1.0,0.0
fomc_20211103,2021-11-03,PanelA,A1_Persistence,2021-09-22,2021-11-03,hold,hold,0.0,1.0,0.0
fomc_20211215,2021-12-15,PanelA,A1_Persistence,2021-11-03,2021-12-15,hold,hold,0.0,1.0,0.0
fomc_20220126,2022-01-26,PanelA,A1_Persistence,2021-12-15,2022-01-26,hold,hold,0.0,1.0,0.0
fomc_20220316,2022-03-16,PanelA,A1_Persistence,2022-01-26,2022-03-16,hold,hold,0.0,1.0,0.0
fomc_20220504,2022-05-04,PanelA,A1_Persistence,2022-03-16,2022-05-04,hold,hold,0.0,1.0,0.0
fomc_20220615,2022-06-15,PanelA,A1_Persistence,2022-05-04,2022-06-15,hold,hold,0.0,1.0,0.0
fomc_20220727,2022-07-27,PanelA,A1_Persistence,2022-06-15,2022-07-27,hold,hold,0.0,1.0,0.0
fomc_20220921,2022-09-21,PanelA,A1_Persistence,2022-07-27,2022-09-21,hold,hold,0.0,1.0,0.0
fomc_20221102,2022-11-02,PanelA,A1_Persistence,2022-09-21,2022-11-02,hold,hold,0.0,1.0,0.0
fomc_20221214,2022-12-14,PanelA,A1_Persistence,2022-11-02,2022-12-14,hold,hold,0.0,1.0,0.0
fomc_20230201,2023-02-01,PanelA,A1_Persistence,2022-12-14,2023-02-01,hold,hold,0.0,1.0,0.0
fomc_20230322,2023-03-22,PanelA,A1_Persistence,2023-02-01,2023-03-22,hold,hold,0.0,1.0,0.0
fomc_20230503,2023-05-03,PanelA,A1_Persistence,2023-03-22,2023-05-03,hold,hold,0.0,1.0,0.0
fomc_20230614,2023-06-14,PanelA,A1_Persistence,2023-05-03,2023-06-14,hold,hold,0.0,1.0,0.0
fomc_20230726,2023-07-26,PanelA,A1_Persistence,2023-06-14,2023-07-26,hold,hold,0.0,1.0,0.0
fomc_20230920,2023-09-20,PanelA,A1_Persistence,2023-07-26,2023-09-20,hold,hold,0.0,1.0,0.0
fomc_20231101,2023-11-01,PanelA,A1_Persistence,2023-09-20,2023-11-01,hold,hold,0.0,1.0,0.0
fomc_20231213,2023-12-13,PanelA,A1_Persistence,2023-11-01,2023-12-13,hold,hold,0.0,1.0,0.0
fomc_20240131,2024-01-31,PanelA,A1_Persistence,2023-12-13,2024-01-31,hold,hold,0.0,1.0,0.0
fomc_20240320,2024-03-20,PanelA,A1_Persistence,2024-01-31,2024-03-20,hold,hold,0.0,1.0,0.0
fomc_20240501,2024-05-01,PanelA,A1_Persistence,2024-03-20,2024-05-01,hold,hold,0.0,1.0,0.0
fomc_20240612,2024-06-12,PanelA,A1_Persistence,2024-05-01,2024-06-12,hold,hold,0.0,1.0,0.0
fomc_20240731,2024-07-31,PanelA,A1_Persistence,2024-06-12,2024-07-31,hold,hold,0.0,1.0,0.0
fomc_20240918,2024-09-18,PanelA,A1_Persistence,2024-07-31,2024-09-18,hold,hold,0.0,1.0,0.0
fomc_20241107,2024-11-07,PanelA,A1_Persistence,2024-09-18,2024-11-07,hold,hold,0.0,1.0,0.0
fomc_20241218,2024-12-18,PanelA,A1_Persistence,2024-11-07,2024-12-18,hold,hold,0.0,1.0,0.0
fomc_20250129,2025-01-29,PanelA,A1_Persistence,2024-12-18,2025-01-29,hold,hold,0.0,1.0,0.0
fomc_20250319,2025-03-19,PanelA,A1_Persistence,2025-01-29,2025-03-19,hold,hold,0.0,1.0,0.0
fomc_20250507,2025-05-07,PanelA,A1_Persistence,2025-03-19,2025-05-07,hold,hold,0.0,1.0,0.0
fomc_20250618,2025-06-18,PanelA,A1_Persistence,2025-05-07,2025-06-18,hold,hold,0.0,1.0,0.0
fomc_20250730,2025-07-30,PanelA,A1_Persistence,2025-06-18,2025-07-30,hold,hold,0.0,1.0,0.0
fomc_20250917,2025-09-17,PanelA,A1_Persistence,2025-07-30,2025-09-17,hold,hold,0.0,1.0,0.0
fomc_20251029,2025-10-29,PanelA,A1_Persistence,2025-09-17,2025-10-29,hold,hold,0.0,1.0,0.0
fomc_20251210,2025-12-10,PanelA,A1_Persistence,2025-10-29,2025-12-10,hold,hold,0.0,1.0,0.0
fomc_20260128,2026-01-28,PanelA,A1_Persistence,2025-12-10,2026-01-28,hold,hold,0.0,1.0,0.0
fomc_20260318,2026-03-18,PanelA,A1_Persistence,2026-01-28,2026-03-18,hold,hold,0.0,1.0,0.0
fomc_20001003,2000-10-03,PanelA,A3_OrderedProbit,2000-08-22,2000-10-03,hold,cut,0.8830215497484459,0.116978450250554,9.99999999999e-13
fomc_20001115,2000-11-15,PanelA,A3_OrderedProbit,2000-10-03,2000-11-15,hold,cut,0.8406733765098081,0.15932662348919177,9.99999999999e-13
fomc_20001219,2000-12-19,PanelA,A3_OrderedProbit,2000-11-15,2000-12-19,hold,cut,0.7816271852513837,0.21837281474761616,9.99999999999e-13
fomc_20010103,2001-01-03,PanelA,A3_OrderedProbit,2000-12-19,2001-01-03,cut,cut,0.7090012166368292,0.2909987833621706,9.99999999999e-13
fomc_20010131,2001-01-31,PanelA,A3_OrderedProbit,2001-01-03,2001-01-31,cut,cut,0.9999999999979999,9.999999999980082e-13,9.999999999980082e-13
fomc_20010320,2001-03-20,PanelA,A3_OrderedProbit,2001-01-31,2001-03-20,cut,hold,9.196741441354276e-11,0.9999999999070326,9.999999999991568e-13
fomc_20010418,2001-04-18,PanelA,A3_OrderedProbit,2001-03-20,2001-04-18,cut,cut,0.8927468385832769,0.10725316141572304,9.99999999999e-13
fomc_20010515,2001-05-15,PanelA,A3_OrderedProbit,2001-04-18,2001-05-15,cut,hold,0.00017346967831974812,0.9998265303206803,9.99999999999e-13
fomc_20010627,2001-06-27,PanelA,A3_OrderedProbit,2001-05-15,2001-06-27,cut,hold,9.999999999979999e-13,0.9999999999979998,9.999999999979999e-13
fomc_20010821,2001-08-21,PanelA,A3_OrderedProbit,2001-06-27,2001-08-21,cut,hold,9.999999999979999e-13,0.9999999999979998,9.999999999979999e-13
fomc_20010917,2001-09-17,PanelA,A3_OrderedProbit,2001-08-21,2001-09-17,cut,cut,1.0,0.0,0.0
fomc_20011002,2001-10-02,PanelA,A3_OrderedProbit,2001-09-17,2001-10-02,cut,cut,1.0,0.0,0.0
fomc_20011106,2001-11-06,PanelA,A3_OrderedProbit,2001-10-02,2001-11-06,cut,cut,0.9999999999979265,1.0733636202065278e-12,9.99999999999e-13
fomc_20011211,2001-12-11,PanelA,A3_OrderedProbit,2001-11-06,2001-12-11,cut,cut,1.0,0.0,0.0
fomc_20020130,2002-01-30,PanelA,A3_OrderedProbit,2001-12-11,2002-01-30,hold,cut,1.0,0.0,0.0
fomc_20020319,2002-03-19,PanelA,A3_OrderedProbit,2002-01-30,2002-03-19,hold,hike,9.99999999999e-13,1.8608716535521283e-07,0.9999998139118346
fomc_20020507,2002-05-07,PanelA,A3_OrderedProbit,2002-03-19,2002-05-07,hold,hold,9.999999999979999e-13,0.9999999999979998,9.999999999979999e-13
fomc_20020626,2002-06-26,PanelA,A3_OrderedProbit,2002-05-07,2002-06-26,hold,cut,1.0,0.0,0.0
fomc_20020813,2002-08-13,PanelA,A3_OrderedProbit,2002-06-26,2002-08-13,hold,cut,1.0,0.0,0.0
fomc_20020924,2002-09-24,PanelA,A3_OrderedProbit,2002-08-13,2002-09-24,hold,cut,1.0,0.0,0.0
fomc_20021106,2002-11-06,PanelA,A3_OrderedProbit,2002-09-24,2002-11-06,cut,cut,1.0,0.0,0.0
fomc_20021210,2002-12-10,PanelA,A3_OrderedProbit,2002-11-06,2002-12-10,hold,cut,1.0,0.0,0.0
fomc_20030129,2003-01-29,PanelA,A3_OrderedProbit,2002-12-10,2003-01-29,hold,cut,1.0,0.0,0.0
fomc_20030318,2003-03-18,PanelA,A3_OrderedProbit,2003-01-29,2003-03-18,hold,hike,9.9999999999807e-13,9.9999999999807e-13,0.999999999998
fomc_20030506,2003-05-06,PanelA,A3_OrderedProbit,2003-03-18,2003-05-06,hold,cut,1.0,0.0,0.0
fomc_20030625,2003-06-25,PanelA,A3_OrderedProbit,2003-05-06,2003-06-25,cut,cut,1.0,0.0,0.0
fomc_20030812,2003-08-12,PanelA,A3_OrderedProbit,2003-06-25,2003-08-12,hold,cut,1.0,0.0,0.0
fomc_20030916,2003-09-16,PanelA,A3_OrderedProbit,2003-08-12,2003-09-16,hold,cut,0.8428706254308796,0.1571293745681202,9.99999999999e-13
fomc_20031028,2003-10-28,PanelA,A3_OrderedProbit,2003-09-16,2003-10-28,hold,hold,9.999999999979999e-13,0.9999999999979998,9.999999999979999e-13
fomc_20031209,2003-12-09,PanelA,A3_OrderedProbit,2003-10-28,2003-12-09,hold,hold,0.0,1.0,0.0
fomc_20040128,2004-01-28,PanelA,A3_OrderedProbit,2003-12-09,2004-01-28,hold,hold,0.027598173236156494,0.9724018267628435,9.99999999999e-13
fomc_20040316,2004-03-16,PanelA,A3_OrderedProbit,2004-01-28,2004-03-16,hold,hold,2.177608294717216e-12,0.9999999999968223,9.99999999999e-13
fomc_20040504,2004-05-04,PanelA,A3_OrderedProbit,2004-03-16,2004-05-04,hold,hold,9.999999999979999e-13,0.9999999999979998,9.999999999979999e-13
fomc_20040630,2004-06-30,PanelA,A3_OrderedProbit,2004-05-04,2004-06-30,hike,hold,9.99999999999e-13,0.6672411482112982,0.33275885178770165
fomc_20040810,2004-08-10,PanelA,A3_OrderedProbit,2004-06-30,2004-08-10,hike,hold,9.99999999999e-13,0.8718058204314684,0.12819417956753157
fomc_20040921,2004-09-21,PanelA,A3_OrderedProbit,2004-08-10,2004-09-21,hike,hold,9.99999999999e-13,0.9999999822500061,1.7748993830206684e-08
fomc_20041110,2004-11-10,PanelA,A3_OrderedProbit,2004-09-21,2004-11-10,hike,hike,9.999999999990001e-13,0.2479440861361853,0.7520559138628148
fomc_20041214,2004-12-14,PanelA,A3_OrderedProbit,2004-11-10,2004-12-14,hike,hike,9.999999999990001e-13,0.49461285189349946,0.5053871481055006
fomc_20050202,2005-02-02,PanelA,A3_OrderedProbit,2004-12-14,2005-02-02,hike,hike,9.99999999998e-13,9.99999999998e-13,0.999999999998
fomc_20050322,2005-03-22,PanelA,A3_OrderedProbit,2005-02-02,2005-03-22,hike,hike,9.99999999998e-13,9.99999999998e-13,0.999999999998
fomc_20050503,2005-05-03,PanelA,A3_OrderedProbit,2005-03-22,2005-05-03,hike,hike,9.99999999998e-13,9.99999999998e-13,0.999999999998
fomc_20050630,2005-06-30,PanelA,A3_OrderedProbit,2005-05-03,2005-06-30,hike,hike,9.99999999998e-13,9.99999999998e-13,0.999999999998
fomc_20050809,2005-08-09,PanelA,A3_OrderedProbit,2005-06-30,2005-08-09,hike,hike,9.99999999998e-13,9.99999999998e-13,0.999999999998
fomc_20050920,2005-09-20,PanelA,A3_OrderedProbit,2005-08-09,2005-09-20,hike,hike,9.99999999998e-13,9.99999999998e-13,0.999999999998
fomc_20051101,2005-11-01,PanelA,A3_OrderedProbit,2005-09-20,2005-11-01,hike,hike,9.99999999998e-13,9.99999999998e-13,0.999999999998
fomc_20051213,2005-12-13,PanelA,A3_OrderedProbit,2005-11-01,2005-12-13,hike,hike,9.99999999998e-13,9.99999999998e-13,0.999999999998
fomc_20060131,2006-01-31,PanelA,A3_OrderedProbit,2005-12-13,2006-01-31,hike,hike,9.99999999998e-13,9.99999999998e-13,0.999999999998
fomc_20060328,2006-03-28,PanelA,A3_OrderedProbit,2006-01-31,2006-03-28,hike,hike,0.0,0.0,1.0
fomc_20060510,2006-05-10,PanelA,A3_OrderedProbit,2006-03-28,2006-05-10,hike,hike,9.99999999999e-13,0.05397096499460216,0.9460290350043977
fomc_20060629,2006-06-29,PanelA,A3_OrderedProbit,2006-05-10,2006-06-29,hike,hike,9.999999999980047e-13,9.999999999980047e-13,0.999999999998
fomc_20060808,2006-08-08,PanelA,A3_OrderedProbit,2006-06-29,2006-08-08,hold,hold,9.99999999999e-13,0.9999999999965693,2.4306112678094246e-12
fomc_20060920,2006-09-20,PanelA,A3_OrderedProbit,2006-08-08,2006-09-20,hold,hold,9.999999999979999e-13,0.9999999999979998,9.999999999979999e-13
fomc_20061025,2006-10-25,PanelA,A3_OrderedProbit,2006-09-20,2006-10-25,hold,hold,9.999999999979999e-13,0.9999999999979998,9.999999999979999e-13
fomc_20061212,2006-12-12,PanelA,A3_OrderedProbit,2006-10-25,2006-12-12,hold,cut,0.9999999999979998,9.999999999979999e-13,9.999999999979999e-13
fomc_20070131,2007-01-31,PanelA,A3_OrderedProbit,2006-12-12,2007-01-31,hold,hold,0.017744696647864433,0.9822553033511355,9.99999999999e-13
fomc_20070321,2007-03-21,PanelA,A3_OrderedProbit,2007-01-31,2007-03-21,hold,cut,0.9567927077340981,0.04320729226490181,9.99999999999e-13
fomc_20070509,2007-05-09,PanelA,A3_OrderedProbit,2007-03-21,2007-05-09,hold,hold,0.0007169562116760605,0.9992830437873238,9.99999999999e-13
fomc_20070618,2007-06-18,PanelA,A3_OrderedProbit,2007-05-09,2007-06-18,hold,hold,9.999999999990811e-13,0.9999999999871027,1.1897371976477171e-11
fomc_20070807,2007-08-07,PanelA,A3_OrderedProbit,2007-06-18,2007-08-07,hold,hold,0.1324635842328791,0.8675364157661208,9.99999999999e-13
fomc_20070810,2007-08-10,PanelA,A3_OrderedProbit,2007-08-07,2007-08-10,hold,hold,0.011427726260291466,0.9885722737387085,9.99999999999e-13
fomc_20070817,2007-08-17,PanelA,A3_OrderedProbit,2007-08-10,2007-08-17,hold,cut,0.999944356572239,5.564342676095388e-05,9.99999999999e-13
fomc_20070918,2007-09-18,PanelA,A3_OrderedProbit,2007-08-17,2007-09-18,cut,cut,0.9935545569151429,0.006445443083856965,9.99999999999e-13
fomc_20071031,2007-10-31,PanelA,A3_OrderedProbit,2007-09-18,2007-10-31,cut,cut,0.9999999961697467,3.829253247818521e-09,9.99999999999e-13
fomc_20071211,2007-12-11,PanelA,A3_OrderedProbit,2007-10-31,2007-12-11,cut,cut,0.9999999999979998,9.999999999979999e-13,9.999999999979999e-13
fomc_20080122,2008-01-22,PanelA,A3_OrderedProbit,2007-12-11,2008-01-22,cut,cut,0.9999999999979998,9.999999999979999e-13,9.999999999979999e-13
fomc_20080130,2008-01-30,PanelA,A3_OrderedProbit,2008-01-22,2008-01-30,cut,cut,0.9999999998343236,1.6467627261801583e-10,9.99999999999e-13
fomc_20080311,2008-03-11,PanelA,A3_OrderedProbit,2008-01-30,2008-03-11,hold,cut,0.9999999999979998,9.999999999979999e-13,9.999999999979999e-13
fomc_20080318,2008-03-18,PanelA,A3_OrderedProbit,2008-03-11,2008-03-18,cut,cut,0.6787184626176739,0.3212815373578294,2.449673797144669e-11
fomc_20080430,2008-04-30,PanelA,A3_OrderedProbit,2008-03-18,2008-04-30,cut,hike,9.99999999999034e-13,0.07211686979139341,0.9278831302076066
fomc_20080625,2008-06-25,PanelA,A3_OrderedProbit,2008-04-30,2008-06-25,hold,hike,1.0684291868300296e-07,0.0710890443969042,0.9289108487601772
fomc_20080805,2008-08-05,PanelA,A3_OrderedProbit,2008-06-25,2008-08-05,hold,hold,0.0008952121514890421,0.7265775423202646,0.27252724552824636
fomc_20080916,2008-09-16,PanelA,A3_OrderedProbit,2008-08-05,2008-09-16,hold,hold,0.014605359825201026,0.9290436557371141,0.056350984437684826
fomc_20081008,2008-10-08,PanelA,A3_OrderedProbit,2008-09-16,2008-10-08,cut,hold,0.04559163741068475,0.9367127085964391,0.017695653992876204
fomc_20081029,2008-10-29,PanelA,A3_OrderedProbit,2008-10-08,2008-10-29,cut,cut,0.7992040063542407,0.20079258778195508,3.40586380420671e-06
fomc_20081216,2008-12-16,PanelA,A3_OrderedProbit,2008-10-29,2008-12-16,cut,cut,0.9996120241994346,0.00038797579956539305,9.999999999999852e-13
fomc_20090128,2009-01-28,PanelA,A3_OrderedProbit,2008-12-16,2009-01-28,hold,cut,0.9989013398671959,0.0010986601248003103,8.003819829127679e-12
fomc_20090318,2009-03-18,PanelA,A3_OrderedProbit,2009-01-28,2009-03-18,hold,cut,0.8528304338028112,0.1471675700713827,1.996125806091875e-06
fomc_20090429,2009-04-29,PanelA,A3_OrderedProbit,2009-03-18,2009-04-29,hold,cut,0.5003458256539547,0.49945177009415376,0.00020240425189155253
fomc_20090624,2009-06-24,PanelA,A3_OrderedProbit,2009-04-29,2009-06-24,hold,cut,0.5226393713752503,0.47718703798387907,0.00017359064087063558
fomc_20090812,2009-08-12,PanelA,A3_OrderedProbit,2009-06-24,2009-08-12,hold,hold,0.20178256811950698,0.7944402054081644,0.003777226472328699
fomc_20090923,2009-09-23,PanelA,A3_OrderedProbit,2009-08-12,2009-09-23,hold,hold,0.09212317048092356,0.8935264735024272,0.014350356016649246
fomc_20091104,2009-11-04,PanelA,A3_OrderedProbit,2009-09-23,2009-11-04,hold,hold,0.043329552114563394,0.9223185182803885,0.03435192960504818
fomc_20091216,2009-12-16,PanelA,A3_OrderedProbit,2009-11-04,2009-12-16,hold,hold,0.0031392143768617293,0.7922575089567053,0.20460327666643296
fomc_20100127,2010-01-27,PanelA,A3_OrderedProbit,2009-12-16,2010-01-27,hold,hold,0.0005188207740878718,0.6270278057875749,0.3724533734383373
fomc_20100316,2010-03-16,PanelA,A3_OrderedProbit,2010-01-27,2010-03-16,hold,hike,4.098276299325347e-05,0.38659860602605534,0.6133604112109514
fomc_20100428,2010-04-28,PanelA,A3_OrderedProbit,2010-03-16,2010-04-28,hold,hike,1.098436966976557e-05,0.28586702314794316,0.7141219924823871
fomc_20100509,2010-05-09,PanelA,A3_OrderedProbit,2010-04-28,2010-05-09,hold,hold,0.0013586055421791873,0.7573582912093461,0.2412831032484748
fomc_20100623,2010-06-23,PanelA,A3_OrderedProbit,2010-05-09,2010-06-23,hold,hike,4.802836198803591e-05,0.4350232808707556,0.5649286907672564
fomc_20100810,2010-08-10,PanelA,A3_OrderedProbit,2010-06-23,2010-08-10,hold,hold,0.00012698780787517535,0.5367060226424816,0.4631669895496433
fomc_20100921,2010-09-21,PanelA,A3_OrderedProbit,2010-08-10,2010-09-21,hold,hold,0.0011579975160501395,0.764268608974804,0.23457339350914586
fomc_20101103,2010-11-03,PanelA,A3_OrderedProbit,2010-09-21,2010-11-03,hold,hold,0.007624491532100801,0.9069897448453933,0.08538576362250594
fomc_20101214,2010-12-14,PanelA,A3_OrderedProbit,2010-11-03,2010-12-14,hold,hold,0.013403104658810524,0.9322188937181373,0.054378001623052175
fomc_20110126,2011-01-26,PanelA,A3_OrderedProbit,2010-12-14,2011-01-26,hold,hold,0.02164170637593854,0.9436131677911853,0.034745125832876145
fomc_20110315,2011-03-15,PanelA,A3_OrderedProbit,2011-01-26,2011-03-15,hold,hold,0.023706224196809237,0.9457635150304073,0.030530260772783424
fomc_20110427,2011-04-27,PanelA,A3_OrderedProbit,2011-03-15,2011-04-27,hold,hold,0.030816741929489015,0.9467497821306705,0.022433475939840464
fomc_20110622,2011-06-22,PanelA,A3_OrderedProbit,2011-04-27,2011-06-22,hold,hold,0.05700721192102935,0.9326527011311242,0.010340086947846494
fomc_20110809,2011-08-09,PanelA,A3_OrderedProbit,2011-06-22,2011-08-09,hold,hold,0.07313888405509039,0.9199476273194189,0.0069134886254906824
fomc_20110921,2011-09-21,PanelA,A3_OrderedProbit,2011-08-09,2011-09-21,hold,hold,0.009921622185764348,0.9351396128331971,0.05493876498103856
fomc_20111102,2011-11-02,PanelA,A3_OrderedProbit,2011-09-21,2011-11-02,hold,hold,0.01596241609779614,0.9485643002993108,0.035473283602893035
fomc_20111213,2011-12-13,PanelA,A3_OrderedProbit,2011-11-02,2011-12-13,hold,hold,0.0111435307486521,0.9428716158740456,0.04598485337730229
fomc_20120125,2012-01-25,PanelA,A3_OrderedProbit,2011-12-13,2012-01-25,hold,hold,0.015306475846130168,0.9509202381876374,0.033773285966232414
fomc_20120313,2012-03-13,PanelA,A3_OrderedProbit,2012-01-25,2012-03-13,hold,hold,0.009507384788263488,0.9422723817796733,0.048220233432063164
fomc_20120425,2012-04-25,PanelA,A3_OrderedProbit,2012-03-13,2012-04-25,hold,hold,0.012541689476573145,0.9505039205743505,0.036954389949076294
fomc_20120620,2012-06-20,PanelA,A3_OrderedProbit,2012-04-25,2012-06-20,hold,hold,0.0032532364581590242,0.9038995910751022,0.09284717246673879
fomc_20120801,2012-08-01,PanelA,A3_OrderedProbit,2012-06-20,2012-08-01,hold,hold,0.00660862808754,0.9376649306934906,0.055726441218969414
fomc_20120913,2012-09-13,PanelA,A3_OrderedProbit,2012-08-01,2012-09-13,hold,hold,0.01781994724406205,0.9587626253871369,0.023417427368801036
fomc_20121024,2012-10-24,PanelA,A3_OrderedProbit,2012-09-13,2012-10-24,hold,hold,0.012475804962526883,0.9561797306532475,0.03134446438422567
fomc_20121212,2012-12-12,PanelA,A3_OrderedProbit,2012-10-24,2012-12-12,hold,hold,0.008207563493866412,0.949088672023883,0.04270376448225055
fomc_20130130,2013-01-30,PanelA,A3_OrderedProbit,2012-12-12,2013-01-30,hold,hold,0.024474448147955154,0.9604023636546533,0.015123188197391557
fomc_20130320,2013-03-20,PanelA,A3_OrderedProbit,2013-01-30,2013-03-20,hold,hold,0.030970300925946714,0.9578069317773477,0.011222767296705682
fomc_20130501,2013-05-01,PanelA,A3_OrderedProbit,2013-03-20,2013-05-01,hold,hold,0.01092104992136194,0.9583303911816754,0.030748558896962708
fomc_20130619,2013-06-19,PanelA,A3_OrderedProbit,2013-05-01,2013-06-19,hold,hold,0.07508058018702672,0.9218289429613113,0.003090476851661972
fomc_20130731,2013-07-31,PanelA,A3_OrderedProbit,2013-06-19,2013-07-31,hold,hold,0.13596755810356748,0.8630450077770697,0.0009874341193627512
fomc_20130918,2013-09-18,PanelA,A3_OrderedProbit,2013-07-31,2013-09-18,hold,hold,0.15843929367547405,0.8409014130973559,0.0006592932271700658
fomc_20131030,2013-10-30,PanelA,A3_OrderedProbit,2013-09-18,2013-10-30,hold,hold,0.09412798989842153,0.9041088749492104,0.0017631351523680339
fomc_20131218,2013-12-18,PanelA,A3_OrderedProbit,2013-10-30,2013-12-18,hold,hold,0.2485773407489631,0.75124497484725,0.0001776844037869596
fomc_20140129,2014-01-29,PanelA,A3_OrderedProbit,2013-12-18,2014-01-29,hold,hold,0.12379624802061306,0.875277387792179,0.0009263641872079287
fomc_20140319,2014-03-19,PanelA,A3_OrderedProbit,2014-01-29,2014-03-19,hold,hold,0.05659599115664385,0.9399529424174916,0.0034510664258645685
fomc_20140430,2014-04-30,PanelA,A3_OrderedProbit,2014-03-19,2014-04-30,hold,hold,0.03130208836645515,0.9612856544878106,0.007412257145734236
fomc_20140618,2014-06-18,PanelA,A3_OrderedProbit,2014-04-30,2014-06-18,hold,hold,0.010485949900775064,0.9668517892962385,0.02266226080298639
fomc_20140730,2014-07-30,PanelA,A3_OrderedProbit,2014-06-18,2014-07-30,hold,hold,0.003707167199635951,0.9462486401220116,0.05004419267835247
fomc_20140917,2014-09-17,PanelA,A3_OrderedProbit,2014-07-30,2014-09-17,hold,hold,0.004888642938667209,0.9553573770124428,0.03975398004888997
fomc_20141029,2014-10-29,PanelA,A3_OrderedProbit,2014-09-17,2014-10-29,hold,hold,0.0049506428500505325,0.9567677604968412,0.03828159665310826
fomc_20141217,2014-12-17,PanelA,A3_OrderedProbit,2014-10-29,2014-12-17,hold,hold,0.0007121360764746114,0.8790080708977099,0.12027979302581548
fomc_20150128,2015-01-28,PanelA,A3_OrderedProbit,2014-12-17,2015-01-28,hold,hold,0.00012274590144365836,0.7638701645861848,0.23600708951237148
fomc_20150318,2015-03-18,PanelA,A3_OrderedProbit,2015-01-28,2015-03-18,hold,hold,0.00034934468960177734,0.846281833460751,0.15336882184964717
fomc_20150429,2015-04-29,PanelA,A3_OrderedProbit,2015-03-18,2015-04-29,hold,hold,0.002438322217357698,0.945103012102163,0.0524586656804793
fomc_20150617,2015-06-17,PanelA,A3_OrderedProbit,2015-04-29,2015-06-17,hold,hold,0.007681255116054286,0.9710277146191126,0.021291030264833033
fomc_20150729,2015-07-29,PanelA,A3_OrderedProbit,2015-06-17,2015-07-29,hold,hold,0.0056791539586196465,0.9675846890387043,0.026736157002676064
fomc_20150917,2015-09-17,PanelA,A3_OrderedProbit,2015-07-29,2015-09-17,hold,hold,0.0038795238731991343,0.96110910648307,0.03501136964373086
fomc_20151028,2015-10-28,PanelA,A3_OrderedProbit,2015-09-17,2015-10-28,hold,hold,0.004467737539255214,0.9649634467936472,0.03056881566709757
fomc_20151216,2015-12-16,PanelA,A3_OrderedProbit,2015-10-28,2015-12-16,hike,hold,0.0009869260219240535,0.9189347365184101,0.08007833745966586
fomc_20160127,2016-01-27,PanelA,A3_OrderedProbit,2015-12-16,2016-01-27,hold,hold,7.696557437053425e-05,0.7243649406775984,0.2755580937480311
fomc_20160316,2016-03-16,PanelA,A3_OrderedProbit,2016-01-27,2016-03-16,hold,hold,0.00014676891791063834,0.785729470107776,0.2141237609743133
fomc_20160427,2016-04-27,PanelA,A3_OrderedProbit,2016-03-16,2016-04-27,hold,hold,0.0013491474964325528,0.9217539253173476,0.07689692718621988
fomc_20160615,2016-06-15,PanelA,A3_OrderedProbit,2016-04-27,2016-06-15,hold,hold,0.0009272887346512872,0.9064001190519825,0.09267259221336621
fomc_20160727,2016-07-27,PanelA,A3_OrderedProbit,2016-06-15,2016-07-27,hold,hold,0.000441477040161048,0.868746348893503,0.13081217406633594
fomc_20160921,2016-09-21,PanelA,A3_OrderedProbit,2016-07-27,2016-09-21,hold,hold,0.0007708438332090043,0.9009657001981758,0.09826345596861519
fomc_20161102,2016-11-02,PanelA,A3_OrderedProbit,2016-09-21,2016-11-02,hold,hold,0.0022385365341496166,0.945646490164019,0.05211497330183135
fomc_20161214,2016-12-14,PanelA,A3_OrderedProbit,2016-11-02,2016-12-14,hike,hold,0.0003676611332166537,0.8639614018500781,0.1356709370167053
fomc_20170201,2017-02-01,PanelA,A3_OrderedProbit,2016-12-14,2017-02-01,hold,hold,7.938058210599705e-06,0.5428632703416442,0.4571287916001452
fomc_20170315,2017-03-15,PanelA,A3_OrderedProbit,2017-02-01,2017-03-15,hold,hold,3.2645929569037274e-05,0.672827850277236,0.3271395037931949
fomc_20170503,2017-05-03,PanelA,A3_OrderedProbit,2017-03-15,2017-05-03,hold,hold,0.0001975035225847602,0.8154230817273284,0.1843794147500869
fomc_20170614,2017-06-14,PanelA,A3_OrderedProbit,2017-05-03,2017-06-14,hold,hold,4.792941338501056e-06,0.5094762873957281,0.4905189196629334
fomc_20170726,2017-07-26,PanelA,A3_OrderedProbit,2017-06-14,2017-07-26,hold,hold,0.00012483644563871218,0.777906589520478,0.22196857403388326
fomc_20170920,2017-09-20,PanelA,A3_OrderedProbit,2017-07-26,2017-09-20,hold,hold,9.432361959282496e-05,0.7569199255426385,0.24298575083776863
fomc_20171101,2017-11-01,PanelA,A3_OrderedProbit,2017-09-20,2017-11-01,hold,hold,9.818217926307491e-06,0.5636468297995701,0.4363433519825035
fomc_20171213,2017-12-13,PanelA,A3_OrderedProbit,2017-11-01,2017-12-13,hold,hike,1.53539467600551e-07,0.2398336668809474,0.760166179579585
fomc_20180131,2018-01-31,PanelA,A3_OrderedProbit,2017-12-13,2018-01-31,hold,hike,2.0285382655253293e-06,0.3932696410567413,0.6067283304049932
fomc_20180321,2018-03-21,PanelA,A3_OrderedProbit,2018-01-31,2018-03-21,hold,hike,1.828127653065332e-06,0.37230603865372486,0.627692133218622
fomc_20180502,2018-05-02,PanelA,A3_OrderedProbit,2018-03-21,2018-05-02,hold,hike,4.904259163020263e-06,0.4417260822643622,0.5582690134764747
fomc_20180613,2018-06-13,PanelA,A3_OrderedProbit,2018-05-02,2018-06-13,hold,hold,1.2441839882946563e-05,0.5153827327022643,0.4846048254578528
fomc_20180801,2018-08-01,PanelA,A3_OrderedProbit,2018-06-13,2018-08-01,hold,hold,5.073643876661724e-05,0.640901980866536,0.3590472826946973
fomc_20180926,2018-09-26,PanelA,A3_OrderedProbit,2018-08-01,2018-09-26,hold,hold,1.4618017387893254e-05,0.5289935766171071,0.470991805365505
fomc_20181108,2018-11-08,PanelA,A3_OrderedProbit,2018-09-26,2018-11-08,hold,hold,5.619915553116871e-05,0.6511736179427887,0.34877018290168016
fomc_20181219,2018-12-19,PanelA,A3_OrderedProbit,2018-11-08,2018-12-19,hold,hold,0.0012049991189402199,0.8873064675754307,0.11148853330562902
fomc_20190130,2019-01-30,PanelA,A3_OrderedProbit,2018-12-19,2019-01-30,hold,hold,0.011023147441513505,0.9646231045946898,0.024353747963796635
fomc_20190320,2019-03-20,PanelA,A3_OrderedProbit,2019-01-30,2019-03-20,hold,hold,0.014236830880109295,0.9668944430628466,0.01886872605704415
fomc_20190501,2019-05-01,PanelA,A3_OrderedProbit,2019-03-20,2019-05-01,hold,hold,0.044185011765609974,0.9507679579583691,0.005047030276020936
fomc_20190619,2019-06-19,PanelA,A3_OrderedProbit,2019-05-01,2019-06-19,hold,hold,0.13545548479050196,0.8638260509471395,0.0007184642623585535
fomc_20190731,2019-07-31,PanelA,A3_OrderedProbit,2019-06-19,2019-07-31,hold,hold,0.12393729240220892,0.8752547402733729,0.0008079673244182352
fomc_20190918,2019-09-18,PanelA,A3_OrderedProbit,2019-07-31,2019-09-18,hold,hold,0.08421872710997154,0.9141952409931792,0.0015860318968493605
fomc_20191011,2019-10-11,PanelA,A3_OrderedProbit,2019-09-18,2019-10-11,hold,hold,0.08302687645639611,0.9154211928889895,0.0015519306546143419
fomc_20191030,2019-10-30,PanelA,A3_OrderedProbit,2019-10-11,2019-10-30,hold,hold,0.07484450460746696,0.923382523258154,0.0017729721343791027
fomc_20191211,2019-12-11,PanelA,A3_OrderedProbit,2019-10-30,2019-12-11,hold,hold,0.02945353516949808,0.9639823289888034,0.00656413584169846
fomc_20200129,2020-01-29,PanelA,A3_OrderedProbit,2019-12-11,2020-01-29,hold,hold,0.0540438925189664,0.943164467898717,0.0027916395823166518
fomc_20200303,2020-03-03,PanelA,A3_OrderedProbit,2020-01-29,2020-03-03,hold,hold,0.4177436462334243,0.5822418215341773,1.4532232398445366e-05
fomc_20200315,2020-03-15,PanelA,A3_OrderedProbit,2020-03-03,2020-03-15,hold,hold,0.4517398191118621,0.5482509697598978,9.211128240038668e-06
fomc_20200319,2020-03-19,PanelA,A3_OrderedProbit,2020-03-15,2020-03-19,hold,hold,0.010313646010122716,0.9721381706640235,0.017548183325853728
fomc_20200323,2020-03-23,PanelA,A3_OrderedProbit,2020-03-19,2020-03-23,hold,hold,0.01706063978162075,0.9725185095705166,0.01042085064786269
fomc_20200331,2020-03-31,PanelA,A3_OrderedProbit,2020-03-23,2020-03-31,hold,hold,0.024455034194409208,0.9687385446828835,0.006806421122707351
fomc_20200429,2020-04-29,PanelA,A3_OrderedProbit,2020-03-31,2020-04-29,hold,hold,0.020105533399501822,0.9715466036508489,0.008347862949649287
fomc_20200610,2020-06-10,PanelA,A3_OrderedProbit,2020-04-29,2020-06-10,hold,hold,0.01774983915752747,0.9728610321047969,0.009389128737675612
fomc_20200729,2020-07-29,PanelA,A3_OrderedProbit,2020-06-10,2020-07-29,hold,hold,0.011235349797466928,0.9740261877143853,0.014738462488147808
fomc_20200916,2020-09-16,PanelA,A3_OrderedProbit,2020-07-29,2020-09-16,hold,hold,0.025168807982381282,0.9687915344984146,0.0060396575192041
fomc_20201105,2020-11-05,PanelA,A3_OrderedProbit,2020-09-16,2020-11-05,hold,hold,0.058509637859739595,0.9396571708612872,0.0018331912789731897
fomc_20201216,2020-12-16,PanelA,A3_OrderedProbit,2020-11-05,2020-12-16,hold,hold,0.0903196958321187,0.9088355325235787,0.0008447716443026333
fomc_20210127,2021-01-27,PanelA,A3_OrderedProbit,2020-12-16,2021-01-27,hold,hold,0.11435459990797053,0.8851309512383352,0.0005144488536943381
fomc_20210317,2021-03-17,PanelA,A3_OrderedProbit,2021-01-27,2021-03-17,hold,hold,0.14917861342952687,0.8505445867879441,0.0002767997825290358
fomc_20210428,2021-04-28,PanelA,A3_OrderedProbit,2021-03-17,2021-04-28,hold,hold,0.0657571432827878,0.9328632131504833,0.0013796435667289275
fomc_20210616,2021-06-16,PanelA,A3_OrderedProbit,2021-04-28,2021-06-16,hold,hold,0.0029491590702407857,0.9574894345102518,0.03956140641950745
fomc_20210728,2021-07-28,PanelA,A3_OrderedProbit,2021-06-16,2021-07-28,hold,hold,0.02597963135717813,0.9689319550819876,0.005088413560834226
fomc_20210922,2021-09-22,PanelA,A3_OrderedProbit,2021-07-28,2021-09-22,hold,hold,0.1556703847440286,0.8441040690672127,0.00022554618875869625
fomc_20211103,2021-11-03,PanelA,A3_OrderedProbit,2021-09-22,2021-11-03,hold,hold,0.031177599191586098,0.9649387244980241,0.003883676310389772
fomc_20211215,2021-12-15,PanelA,A3_OrderedProbit,2021-11-03,2021-12-15,hold,hold,0.020828559235495422,0.9728658589687672,0.006305581795737369
fomc_20220126,2022-01-26,PanelA,A3_OrderedProbit,2021-12-15,2022-01-26,hold,hold,0.007730382878250327,0.9750545355796324,0.01721508154211726
fomc_20220316,2022-03-16,PanelA,A3_OrderedProbit,2022-01-26,2022-03-16,hold,hold,1.76383414073951e-05,0.6581168290278303,0.34186553263076225
fomc_20220504,2022-05-04,PanelA,A3_OrderedProbit,2022-03-16,2022-05-04,hold,hold,1.823034317342415e-05,0.6735433987204203,0.32643837093640626
fomc_20220615,2022-06-15,PanelA,A3_OrderedProbit,2022-05-04,2022-06-15,hold,hike,1.9882113292344894e-06,0.49964342809513523,0.5003545836935355
fomc_20220727,2022-07-27,PanelA,A3_OrderedProbit,2022-06-15,2022-07-27,hold,hold,0.006243041994739181,0.9776381710527434,0.01611878695251745
fomc_20220921,2022-09-21,PanelA,A3_OrderedProbit,2022-07-27,2022-09-21,hold,hold,0.0010269131511600994,0.9400168124254346,0.05895627442340534
fomc_20221102,2022-11-02,PanelA,A3_OrderedProbit,2022-09-21,2022-11-02,hold,hold,0.016744675545748603,0.9775759852127756,0.005679339241475789
fomc_20221214,2022-12-14,PanelA,A3_OrderedProbit,2022-11-02,2022-12-14,hold,cut,0.5987717786596977,0.4012277725010932,4.4883920913285635e-07
fomc_20230201,2023-02-01,PanelA,A3_OrderedProbit,2022-12-14,2023-02-01,hold,cut,0.5951761381012479,0.4048233241577308,5.377410212670242e-07
fomc_20230322,2023-03-22,PanelA,A3_OrderedProbit,2023-02-01,2023-03-22,hold,cut,0.6443645572976435,0.3556351304428218,3.1225953467384215e-07
fomc_20230503,2023-05-03,PanelA,A3_OrderedProbit,2023-03-22,2023-05-03,hold,cut,0.8437847015232214,0.15621528739430257,1.108247604797441e-08
fomc_20230614,2023-06-14,PanelA,A3_OrderedProbit,2023-05-03,2023-06-14,hold,hold,0.4314281166978626,0.5685648586713701,7.0246307674048936e-06
fomc_20230726,2023-07-26,PanelA,A3_OrderedProbit,2023-06-14,2023-07-26,hold,hold,0.21080423568063578,0.7890921461584096,0.00010361816095461052
fomc_20230920,2023-09-20,PanelA,A3_OrderedProbit,2023-07-26,2023-09-20,hold,hold,0.1693376372603767,0.830479861450145,0.00018250128947827626
fomc_20231101,2023-11-01,PanelA,A3_OrderedProbit,2023-09-20,2023-11-01,hold,hold,0.2178453420127221,0.7820654677787419,8.919020853603854e-05
fomc_20231213,2023-12-13,PanelA,A3_OrderedProbit,2023-11-01,2023-12-13,hold,hold,0.15844426157247427,0.841347115481492,0.00020862294603374298
fomc_20240131,2024-01-31,PanelA,A3_OrderedProbit,2023-12-13,2024-01-31,hold,hold,0.4589382708553199,0.5410571059032562,4.62324142391779e-06
fomc_20240320,2024-03-20,PanelA,A3_OrderedProbit,2024-01-31,2024-03-20,hold,hold,0.1793719533624658,0.8204739294810128,0.0001541171565213606
fomc_20240501,2024-05-01,PanelA,A3_OrderedProbit,2024-03-20,2024-05-01,hold,hold,0.05602742232632216,0.9423426557417232,0.0016299219319546587
fomc_20240612,2024-06-12,PanelA,A3_OrderedProbit,2024-05-01,2024-06-12,hold,hold,0.08116024831628699,0.9179940349370911,0.0008457167466219273
fomc_20240731,2024-07-31,PanelA,A3_OrderedProbit,2024-06-12,2024-07-31,hold,hold,0.2567989473465796,0.7431510167095856,5.003594383479193e-05
fomc_20240918,2024-09-18,PanelA,A3_OrderedProbit,2024-07-31,2024-09-18,hold,cut,0.7527518349614298,0.24724807899375745,8.604481271934361e-08
fomc_20241107,2024-11-07,PanelA,A3_OrderedProbit,2024-09-18,2024-11-07,hold,hold,0.1295525275484913,0.8700498968802409,0.00039757557126784976
fomc_20241218,2024-12-18,PanelA,A3_OrderedProbit,2024-11-07,2024-12-18,hold,hold,0.07229887309501633,0.9264764116587333,0.0012247152462503408
fomc_20250129,2025-01-29,PanelA,A3_OrderedProbit,2024-12-18,2025-01-29,hold,hold,0.058112822355053946,0.940155691810353,0.0017314858345930384
fomc_20250319,2025-03-19,PanelA,A3_OrderedProbit,2025-01-29,2025-03-19,hold,hold,0.0886367050894284,0.9105480748164009,0.0008152200941707878
fomc_20250507,2025-05-07,PanelA,A3_OrderedProbit,2025-03-19,2025-05-07,hold,hold,0.2259139633004068,0.7739984445605667,8.759213902653773e-05
fomc_20250618,2025-06-18,PanelA,A3_OrderedProbit,2025-05-07,2025-06-18,hold,hold,0.08393068353545646,0.9151782277521918,0.000891088712351773
fomc_20250730,2025-07-30,PanelA,A3_OrderedProbit,2025-06-18,2025-07-30,hold,hold,0.08161863621141052,0.9174588549144655,0.0009225088741239285
fomc_20250917,2025-09-17,PanelA,A3_OrderedProbit,2025-07-30,2025-09-17,hold,hold,0.2764975796419572,0.7234582946632853,4.412569475753525e-05
fomc_20251029,2025-10-29,PanelA,A3_OrderedProbit,2025-09-17,2025-10-29,hold,hold,0.17179680118385038,0.8280215612166406,0.00018163759950895475
fomc_20251210,2025-12-10,PanelA,A3_OrderedProbit,2025-10-29,2025-12-10,hold,hold,0.05503002790179102,0.9432094789424734,0.0017604931557355652
fomc_20260128,2026-01-28,PanelA,A3_OrderedProbit,2025-12-10,2026-01-28,hold,hold,0.021479389946643335,0.9722629126570935,0.00625769739626314
fomc_20260318,2026-03-18,PanelA,A3_OrderedProbit,2026-01-28,2026-03-18,hold,hold,0.00946743369113299,0.9758836705971157,0.01464889571175132
fomc_20001003,2000-10-03,PanelA,A4_OrdinalForestApprox,2000-08-22,2000-10-03,hold,hold,0.16133134920634928,0.486942821067821,0.3517258297258297
fomc_20001115,2000-11-15,PanelA,A4_OrdinalForestApprox,2000-10-03,2000-11-15,hold,hold,0.1372906746031749,0.6220925324675322,0.24061679292929294
fomc_20001219,2000-12-19,PanelA,A4_OrdinalForestApprox,2000-11-15,2000-12-19,hold,hold,0.3487807539682539,0.5475282287157287,0.10369101731601735
fomc_20010103,2001-01-03,PanelA,A4_OrdinalForestApprox,2000-12-19,2001-01-03,cut,hold,0.3872093253968256,0.5471378968253966,0.0656527777777778
fomc_20010131,2001-01-31,PanelA,A4_OrdinalForestApprox,2001-01-03,2001-01-31,cut,cut,0.5653091630591632,0.28555294011543997,0.1491378968253968
fomc_20010320,2001-03-20,PanelA,A4_OrdinalForestApprox,2001-01-31,2001-03-20,cut,cut,0.7716768578643577,0.138849927849928,0.0894732142857143
fomc_20010418,2001-04-18,PanelA,A4_OrdinalForestApprox,2001-03-20,2001-04-18,cut,cut,0.7530819805194805,0.09908468614718616,0.14783333333333334
fomc_20010515,2001-05-15,PanelA,A4_OrdinalForestApprox,2001-04-18,2001-05-15,cut,cut,0.7480297619047618,0.04081150793650806,0.2111587301587301
fomc_20010627,2001-06-27,PanelA,A4_OrdinalForestApprox,2001-05-15,2001-06-27,cut,cut,0.8284402690657662,9.60457027862726e-13,0.17155973093327334
fomc_20010821,2001-08-21,PanelA,A4_OrdinalForestApprox,2001-06-27,2001-08-21,cut,cut,0.8831606103787945,9.723476363778698e-13,0.11683938962023323
fomc_20010917,2001-09-17,PanelA,A4_OrdinalForestApprox,2001-08-21,2001-09-17,cut,cut,0.9252808930343925,9.700269387987133e-13,0.07471910696463738
fomc_20011002,2001-10-02,PanelA,A4_OrdinalForestApprox,2001-09-17,2001-10-02,cut,cut,0.9543938843995922,9.706856097424721e-13,0.045606115599437266
fomc_20011106,2001-11-06,PanelA,A4_OrdinalForestApprox,2001-10-02,2001-11-06,cut,cut,0.9767684080609754,9.871501328209305e-13,0.02323159193803731
fomc_20011211,2001-12-11,PanelA,A4_OrdinalForestApprox,2001-11-06,2001-12-11,cut,cut,0.9581704545454546,0.0007439574314574426,0.04108558802308802
fomc_20020130,2002-01-30,PanelA,A4_OrdinalForestApprox,2001-12-11,2002-01-30,hold,cut,0.9384658063623884,9.766390214477246e-13,0.06153419363663502
fomc_20020319,2002-03-19,PanelA,A4_OrdinalForestApprox,2002-01-30,2002-03-19,hold,cut,0.6240250721500722,0.21096022727272723,0.16501470057720063
fomc_20020507,2002-05-07,PanelA,A4_OrdinalForestApprox,2002-03-19,2002-05-07,hold,cut,0.4457325937950938,0.4189967532467533,0.13527065295815294
fomc_20020626,2002-06-26,PanelA,A4_OrdinalForestApprox,2002-05-07,2002-06-26,hold,hold,0.35524116161616215,0.5319662698412693,0.11279256854256853
fomc_20020813,2002-08-13,PanelA,A4_OrdinalForestApprox,2002-06-26,2002-08-13,hold,hold,0.34295039682539663,0.633230158730159,0.02381944444444444
fomc_20020924,2002-09-24,PanelA,A4_OrdinalForestApprox,2002-08-13,2002-09-24,hold,hold,0.30191269841269797,0.6495119047619052,0.04857539682539682
fomc_20021106,2002-11-06,PanelA,A4_OrdinalForestApprox,2002-09-24,2002-11-06,cut,hold,0.21725892857142837,0.7702787698412701,0.012462301587301584
fomc_20021210,2002-12-10,PanelA,A4_OrdinalForestApprox,2002-11-06,2002-12-10,hold,cut,0.5978714826839826,0.3836146284271285,0.01851388888888889
fomc_20030129,2003-01-29,PanelA,A4_OrdinalForestApprox,2002-12-10,2003-01-29,hold,hold,0.34926993145743124,0.5508907828282831,0.09983928571428571
fomc_20030318,2003-03-18,PanelA,A4_OrdinalForestApprox,2003-01-29,2003-03-18,hold,hold,0.31857439782439767,0.6282410783660786,0.05318452380952382
fomc_20030506,2003-05-06,PanelA,A4_OrdinalForestApprox,2003-03-18,2003-05-06,hold,hold,0.22024882062382023,0.6538029470529474,0.12594823232323232
fomc_20030625,2003-06-25,PanelA,A4_OrdinalForestApprox,2003-05-06,2003-06-25,cut,hold,0.1324206349206346,0.7841130952380956,0.08346626984126986
fomc_20030812,2003-08-12,PanelA,A4_OrdinalForestApprox,2003-06-25,2003-08-12,hold,hold,0.3908845598845596,0.532016233766234,0.07709920634920636
fomc_20030916,2003-09-16,PanelA,A4_OrdinalForestApprox,2003-08-12,2003-09-16,hold,hold,0.3163203463203458,0.6478850108225114,0.035794642857142865
fomc_20031028,2003-10-28,PanelA,A4_OrdinalForestApprox,2003-09-16,2003-10-28,hold,hold,0.24554563492063497,0.7077926587301586,0.046661706349206356
fomc_20031209,2003-12-09,PanelA,A4_OrdinalForestApprox,2003-10-28,2003-12-09,hold,hold,0.22850054112554075,0.7265996572871577,0.04489980158730158
fomc_20040128,2004-01-28,PanelA,A4_OrdinalForestApprox,2003-12-09,2004-01-28,hold,hold,0.26694642857142825,0.6880337301587305,0.04501984126984127
fomc_20040316,2004-03-16,PanelA,A4_OrdinalForestApprox,2004-01-28,2004-03-16,hold,hold,0.22564430014429993,0.7545570887445889,0.019798611111111114
fomc_20040504,2004-05-04,PanelA,A4_OrdinalForestApprox,2004-03-16,2004-05-04,hold,hold,0.20847231240981212,0.7719344336219339,0.019593253968253968
fomc_20040630,2004-06-30,PanelA,A4_OrdinalForestApprox,2004-05-04,2004-06-30,hike,hold,0.16515115440115424,0.8058805916305918,0.028968253968253966
fomc_20040810,2004-08-10,PanelA,A4_OrdinalForestApprox,2004-06-30,2004-08-10,hike,hold,0.11622321428571414,0.6491497113997116,0.23462707431457436
fomc_20040921,2004-09-21,PanelA,A4_OrdinalForestApprox,2004-08-10,2004-09-21,hike,hike,0.16865041208791187,0.3556261932511936,0.4757233946608945
fomc_20041110,2004-11-10,PanelA,A4_OrdinalForestApprox,2004-09-21,2004-11-10,hike,hike,0.09779868742368736,0.24558010045510026,0.6566212121212124
fomc_20041214,2004-12-14,PanelA,A4_OrdinalForestApprox,2004-11-10,2004-12-14,hike,hike,0.13842424242424245,0.20332368326118344,0.6582520743145741
fomc_20050202,2005-02-02,PanelA,A4_OrdinalForestApprox,2004-12-14,2005-02-02,hike,hike,0.15293118686868667,0.09144264069264119,0.7556261724386721
fomc_20050322,2005-03-22,PanelA,A4_OrdinalForestApprox,2005-02-02,2005-03-22,hike,hike,0.1290482503607503,0.12676966089466102,0.7441820887445887
fomc_20050503,2005-05-03,PanelA,A4_OrdinalForestApprox,2005-03-22,2005-05-03,hike,hike,0.10448971861471856,0.1998178210678212,0.6956924603174602
fomc_20050630,2005-06-30,PanelA,A4_OrdinalForestApprox,2005-05-03,2005-06-30,hike,hike,0.12164339826839832,0.05747195165945118,0.8208846500721505
fomc_20050809,2005-08-09,PanelA,A4_OrdinalForestApprox,2005-06-30,2005-08-09,hike,hike,0.12040873015873033,0.005025072150071863,0.8745661976911978
fomc_20050920,2005-09-20,PanelA,A4_OrdinalForestApprox,2005-08-09,2005-09-20,hike,hike,0.11254101266973976,9.845971112614344e-13,0.8874589873292755
fomc_20051101,2005-11-01,PanelA,A4_OrdinalForestApprox,2005-09-20,2005-11-01,hike,hike,0.11201686507936548,0.04758829365079342,0.8403948412698411
fomc_20051213,2005-12-13,PanelA,A4_OrdinalForestApprox,2005-11-01,2005-12-13,hike,hike,0.14273259379509373,0.13235569985569995,0.7249117063492063
fomc_20060131,2006-01-31,PanelA,A4_OrdinalForestApprox,2005-12-13,2006-01-31,hike,hike,0.0688511904761906,0.0021220238095238653,0.9290267857142855
fomc_20060328,2006-03-28,PanelA,A4_OrdinalForestApprox,2006-01-31,2006-03-28,hike,hike,0.10215476190476225,0.049549062049062176,0.8482961760461756
fomc_20060510,2006-05-10,PanelA,A4_OrdinalForestApprox,2006-03-28,2006-05-10,hike,hike,0.06962202380952365,0.12352876984127015,0.8068492063492062
fomc_20060629,2006-06-29,PanelA,A4_OrdinalForestApprox,2006-05-10,2006-06-29,hike,hike,0.08732981601731604,0.16820391414141433,0.7444662698412696
fomc_20060808,2006-08-08,PanelA,A4_OrdinalForestApprox,2006-06-29,2006-08-08,hold,hike,0.12060317460317493,0.0819156746031744,0.7974811507936507
fomc_20060920,2006-09-20,PanelA,A4_OrdinalForestApprox,2006-08-08,2006-09-20,hold,hold,0.2360463980463977,0.4133920940170944,0.35056150793650787
fomc_20061025,2006-10-25,PanelA,A4_OrdinalForestApprox,2006-09-20,2006-10-25,hold,hold,0.13058928571428563,0.6055967712842714,0.26381394300144306
fomc_20061212,2006-12-12,PanelA,A4_OrdinalForestApprox,2006-10-25,2006-12-12,hold,hold,0.16493963675213674,0.6068887362637363,0.22817162698412694
fomc_20070131,2007-01-31,PanelA,A4_OrdinalForestApprox,2006-12-12,2007-01-31,hold,hold,0.08577380952380964,0.7735324675324673,0.140693722943723
fomc_20070321,2007-03-21,PanelA,A4_OrdinalForestApprox,2007-01-31,2007-03-21,hold,hold,0.08801617826617814,0.8272526709401711,0.0847311507936508
fomc_20070509,2007-05-09,PanelA,A4_OrdinalForestApprox,2007-03-21,2007-05-09,hold,hold,0.06432043650793617,0.7965234418359421,0.13915612165612162
fomc_20070618,2007-06-18,PanelA,A4_OrdinalForestApprox,2007-05-09,2007-06-18,hold,hold,0.09731249999999969,0.742130584693085,0.16055691530691532
fomc_20070807,2007-08-07,PanelA,A4_OrdinalForestApprox,2007-06-18,2007-08-07,hold,hold,0.1676902958152957,0.6684292096792097,0.16388049450549455
fomc_20070810,2007-08-10,PanelA,A4_OrdinalForestApprox,2007-08-07,2007-08-10,hold,hold,0.1964769119769122,0.7331173340548338,0.07040575396825395
fomc_20070817,2007-08-17,PanelA,A4_OrdinalForestApprox,2007-08-10,2007-08-17,hold,hold,0.3740213744588746,0.525750541125541,0.10022808441558442
fomc_20070918,2007-09-18,PanelA,A4_OrdinalForestApprox,2007-08-17,2007-09-18,cut,hold,0.17238113275613287,0.711898629148629,0.1157202380952381
fomc_20071031,2007-10-31,PanelA,A4_OrdinalForestApprox,2007-09-18,2007-10-31,cut,cut,0.616364898989899,0.2630091089466089,0.12062599206349209
fomc_20071211,2007-12-11,PanelA,A4_OrdinalForestApprox,2007-10-31,2007-12-11,cut,cut,0.702196608946609,0.1551980519480519,0.1426053391053391
fomc_20080122,2008-01-22,PanelA,A4_OrdinalForestApprox,2007-12-11,2008-01-22,cut,cut,0.8243422757797758,0.14359324009324007,0.03206448412698413
fomc_20080130,2008-01-30,PanelA,A4_OrdinalForestApprox,2008-01-22,2008-01-30,cut,cut,0.8764821428571429,0.10499702380952378,0.01852083333333333
fomc_20080311,2008-03-11,PanelA,A4_OrdinalForestApprox,2008-01-30,2008-03-11,hold,cut,0.8564345238095238,0.11248809523809526,0.031077380952380954
fomc_20080318,2008-03-18,PanelA,A4_OrdinalForestApprox,2008-03-11,2008-03-18,cut,hold,0.46663628732378737,0.5058250222000221,0.02753869047619048
fomc_20080430,2008-04-30,PanelA,A4_OrdinalForestApprox,2008-03-18,2008-04-30,cut,cut,0.7020391414141415,0.26120761183261176,0.03675324675324675
fomc_20080625,2008-06-25,PanelA,A4_OrdinalForestApprox,2008-04-30,2008-06-25,hold,cut,0.7857129329004329,0.1834834956709957,0.030803571428571434
fomc_20080805,2008-08-05,PanelA,A4_OrdinalForestApprox,2008-06-25,2008-08-05,hold,hold,0.41926226551226575,0.5481365440115438,0.032601190476190485
fomc_20080916,2008-09-16,PanelA,A4_OrdinalForestApprox,2008-08-05,2008-09-16,hold,cut,0.5354285714285714,0.45213392857142864,0.0124375
fomc_20081008,2008-10-08,PanelA,A4_OrdinalForestApprox,2008-09-16,2008-10-08,cut,hold,0.41884694472194495,0.5766887695637694,0.004464285714285714
fomc_20081029,2008-10-29,PanelA,A4_OrdinalForestApprox,2008-10-08,2008-10-29,cut,cut,0.5251792998668002,0.4689992715617713,0.005821428571428572
fomc_20081216,2008-12-16,PanelA,A4_OrdinalForestApprox,2008-10-29,2008-12-16,cut,cut,0.5410818903318906,0.4307375541125539,0.028180555555555556
fomc_20090128,2009-01-28,PanelA,A4_OrdinalForestApprox,2008-12-16,2009-01-28,hold,cut,0.6180049603174603,0.3581476370851372,0.023847402597402603
fomc_20090318,2009-03-18,PanelA,A4_OrdinalForestApprox,2009-01-28,2009-03-18,hold,hold,0.4636293220668223,0.5042694874569873,0.03210119047619047
fomc_20090429,2009-04-29,PanelA,A4_OrdinalForestApprox,2009-03-18,2009-04-29,hold,hold,0.34831191724941746,0.6354797494172492,0.01620833333333333
fomc_20090624,2009-06-24,PanelA,A4_OrdinalForestApprox,2009-04-29,2009-06-24,hold,hold,0.24469476356976305,0.7470135697635703,0.008291666666666668
fomc_20090812,2009-08-12,PanelA,A4_OrdinalForestApprox,2009-06-24,2009-08-12,hold,hold,0.17591881729381686,0.818265706515707,0.0058154761904761895
fomc_20090923,2009-09-23,PanelA,A4_OrdinalForestApprox,2009-08-12,2009-09-23,hold,hold,0.17258143939393888,0.8159691558441563,0.011449404761904765
fomc_20091104,2009-11-04,PanelA,A4_OrdinalForestApprox,2009-09-23,2009-11-04,hold,hold,0.12737806637806615,0.8687588383838386,0.0038630952380952384
fomc_20091216,2009-12-16,PanelA,A4_OrdinalForestApprox,2009-11-04,2009-12-16,hold,hold,0.08587416056166008,0.9095008394383399,0.004625000000000001
fomc_20100127,2010-01-27,PanelA,A4_OrdinalForestApprox,2009-12-16,2010-01-27,hold,hold,0.09919892607392589,0.8982117882117884,0.002589285714285714
fomc_20100316,2010-03-16,PanelA,A4_OrdinalForestApprox,2010-01-27,2010-03-16,hold,hold,0.07882491813741799,0.888440954878455,0.032734126984126984
fomc_20100428,2010-04-28,PanelA,A4_OrdinalForestApprox,2010-03-16,2010-04-28,hold,hold,0.096169282106782,0.8937414321789323,0.010089285714285716
fomc_20100509,2010-05-09,PanelA,A4_OrdinalForestApprox,2010-04-28,2010-05-09,hold,hold,0.145422619047619,0.847702380952381,0.006875
fomc_20100623,2010-06-23,PanelA,A4_OrdinalForestApprox,2010-05-09,2010-06-23,hold,hold,0.14249404761904771,0.7909446872571871,0.0665612651237651
fomc_20100810,2010-08-10,PanelA,A4_OrdinalForestApprox,2010-06-23,2010-08-10,hold,hold,0.13038645382395342,0.8100146103896108,0.059598935786435776
fomc_20100921,2010-09-21,PanelA,A4_OrdinalForestApprox,2010-08-10,2010-09-21,hold,hold,0.12376884920634879,0.8295992063492068,0.04663194444444445
fomc_20101103,2010-11-03,PanelA,A4_OrdinalForestApprox,2010-09-21,2010-11-03,hold,hold,0.0816279761904759,0.8819845779220782,0.03638744588744589
fomc_20101214,2010-12-14,PanelA,A4_OrdinalForestApprox,2010-11-03,2010-12-14,hold,hold,0.05905817099567057,0.8962297077922082,0.04471212121212121
fomc_20110126,2011-01-26,PanelA,A4_OrdinalForestApprox,2010-12-14,2011-01-26,hold,hold,0.04358793290043261,0.9157644300144303,0.04064763708513709
fomc_20110315,2011-03-15,PanelA,A4_OrdinalForestApprox,2011-01-26,2011-03-15,hold,hold,0.031165674603174875,0.9462609126984124,0.022573412698412697
fomc_20110427,2011-04-27,PanelA,A4_OrdinalForestApprox,2011-03-15,2011-04-27,hold,hold,0.021800595238095077,0.8138134920634921,0.1643859126984128
fomc_20110622,2011-06-22,PanelA,A4_OrdinalForestApprox,2011-04-27,2011-06-22,hold,hold,0.048578192640692186,0.8464932359307364,0.10492857142857138
fomc_20110809,2011-08-09,PanelA,A4_OrdinalForestApprox,2011-06-22,2011-08-09,hold,hold,0.13158360389610346,0.8539759199134204,0.014440476190476191
fomc_20110921,2011-09-21,PanelA,A4_OrdinalForestApprox,2011-08-09,2011-09-21,hold,hold,0.11535975829725809,0.8181005591630593,0.06653968253968252
fomc_20111102,2011-11-02,PanelA,A4_OrdinalForestApprox,2011-09-21,2011-11-02,hold,hold,0.0731335678210675,0.8506253607503611,0.07624107142857142
fomc_20111213,2011-12-13,PanelA,A4_OrdinalForestApprox,2011-11-02,2011-12-13,hold,hold,0.047074404761904276,0.8774017857142862,0.07552380952380951
fomc_20120125,2012-01-25,PanelA,A4_OrdinalForestApprox,2011-12-13,2012-01-25,hold,hold,0.038131181318681207,0.8778698107448109,0.08399900793650791
fomc_20120313,2012-03-13,PanelA,A4_OrdinalForestApprox,2012-01-25,2012-03-13,hold,hold,0.027559523809523645,0.8301428571428573,0.1422976190476191
fomc_20120425,2012-04-25,PanelA,A4_OrdinalForestApprox,2012-03-13,2012-04-25,hold,hold,0.020815476190475968,0.8829464285714288,0.09623809523809522
fomc_20120620,2012-06-20,PanelA,A4_OrdinalForestApprox,2012-04-25,2012-06-20,hold,hold,0.025395833333333284,0.912764880952381,0.06183928571428571
fomc_20120801,2012-08-01,PanelA,A4_OrdinalForestApprox,2012-06-20,2012-08-01,hold,hold,0.020651785714285498,0.9351160714285717,0.04423214285714285
fomc_20120913,2012-09-13,PanelA,A4_OrdinalForestApprox,2012-08-01,2012-09-13,hold,hold,0.01230465367965361,0.9012548701298702,0.08644047619047618
fomc_20121024,2012-10-24,PanelA,A4_OrdinalForestApprox,2012-09-13,2012-10-24,hold,hold,0.0213888888888889,0.9338343253968254,0.04477678571428572
fomc_20121212,2012-12-12,PanelA,A4_OrdinalForestApprox,2012-10-24,2012-12-12,hold,hold,0.014571428571428569,0.8926944444444445,0.092734126984127
fomc_20130130,2013-01-30,PanelA,A4_OrdinalForestApprox,2012-12-12,2013-01-30,hold,hold,0.013099206349206471,0.8461775793650792,0.14072321428571435
fomc_20130320,2013-03-20,PanelA,A4_OrdinalForestApprox,2013-01-30,2013-03-20,hold,hold,0.023749999999999827,0.8713035714285716,0.1049464285714286
fomc_20130501,2013-05-01,PanelA,A4_OrdinalForestApprox,2013-03-20,2013-05-01,hold,hold,0.020557539682539705,0.8733025793650793,0.10613988095238101
fomc_20130619,2013-06-19,PanelA,A4_OrdinalForestApprox,2013-05-01,2013-06-19,hold,hold,0.00908928571428591,0.9717351190476189,0.01917559523809524
fomc_20130731,2013-07-31,PanelA,A4_OrdinalForestApprox,2013-06-19,2013-07-31,hold,hold,0.014613095238095175,0.93534126984127,0.05004563492063491
fomc_20130918,2013-09-18,PanelA,A4_OrdinalForestApprox,2013-07-31,2013-09-18,hold,hold,0.010410714285714273,0.9553095238095238,0.0342797619047619
fomc_20131030,2013-10-30,PanelA,A4_OrdinalForestApprox,2013-09-18,2013-10-30,hold,hold,0.03193353174603164,0.8981527777777779,0.06991369047619048
fomc_20131218,2013-12-18,PanelA,A4_OrdinalForestApprox,2013-10-30,2013-12-18,hold,hold,0.03254166666666636,0.9235307539682542,0.04392757936507936
fomc_20140129,2014-01-29,PanelA,A4_OrdinalForestApprox,2013-12-18,2014-01-29,hold,hold,0.02316071428571409,0.9088740079365082,0.06796527777777776
fomc_20140319,2014-03-19,PanelA,A4_OrdinalForestApprox,2014-01-29,2014-03-19,hold,hold,0.021095238095237945,0.9428373015873017,0.03606746031746032
fomc_20140430,2014-04-30,PanelA,A4_OrdinalForestApprox,2014-03-19,2014-04-30,hold,hold,0.019960317460317345,0.9606587301587303,0.019380952380952377
fomc_20140618,2014-06-18,PanelA,A4_OrdinalForestApprox,2014-04-30,2014-06-18,hold,hold,0.03270138888888885,0.8834474206349207,0.08385119047619045
fomc_20140730,2014-07-30,PanelA,A4_OrdinalForestApprox,2014-06-18,2014-07-30,hold,hold,0.023001984126983954,0.9202123015873017,0.05678571428571428
fomc_20140917,2014-09-17,PanelA,A4_OrdinalForestApprox,2014-07-30,2014-09-17,hold,hold,0.009881944444444457,0.8939583333333333,0.0961597222222222
fomc_20141029,2014-10-29,PanelA,A4_OrdinalForestApprox,2014-09-17,2014-10-29,hold,hold,0.0091607142857143,0.9171666666666667,0.07367261904761906
fomc_20141217,2014-12-17,PanelA,A4_OrdinalForestApprox,2014-10-29,2014-12-17,hold,hold,0.03501785714285721,0.9174920634920635,0.04749007936507936
fomc_20150128,2015-01-28,PanelA,A4_OrdinalForestApprox,2014-12-17,2015-01-28,hold,hold,0.02090476190476198,0.9228630952380952,0.05623214285714286
fomc_20150318,2015-03-18,PanelA,A4_OrdinalForestApprox,2015-01-28,2015-03-18,hold,hold,0.02116071428571431,0.9412380952380952,0.037601190476190476
fomc_20150429,2015-04-29,PanelA,A4_OrdinalForestApprox,2015-03-18,2015-04-29,hold,hold,0.02142361111111102,0.9031686507936509,0.0754077380952381
fomc_20150617,2015-06-17,PanelA,A4_OrdinalForestApprox,2015-04-29,2015-06-17,hold,hold,0.02618172799422791,0.9278242243867245,0.04599404761904762
fomc_20150729,2015-07-29,PanelA,A4_OrdinalForestApprox,2015-06-17,2015-07-29,hold,hold,0.016395833333333498,0.9463918650793649,0.037212301587301586
fomc_20150917,2015-09-17,PanelA,A4_OrdinalForestApprox,2015-07-29,2015-09-17,hold,hold,0.038380952380952515,0.9483511904761903,0.013267857142857144
fomc_20151028,2015-10-28,PanelA,A4_OrdinalForestApprox,2015-09-17,2015-10-28,hold,hold,0.008291666666666697,0.9727023809523809,0.01900595238095238
fomc_20151216,2015-12-16,PanelA,A4_OrdinalForestApprox,2015-10-28,2015-12-16,hike,hold,0.037587301587301836,0.9583720238095236,0.004040674603174603
fomc_20160127,2016-01-27,PanelA,A4_OrdinalForestApprox,2015-12-16,2016-01-27,hold,hike,0.024194444444444407,0.38150658369408397,0.5942989718614716
fomc_20160316,2016-03-16,PanelA,A4_OrdinalForestApprox,2016-01-27,2016-03-16,hold,hold,0.03823710317460327,0.8747926587301587,0.08697023809523804
fomc_20160427,2016-04-27,PanelA,A4_OrdinalForestApprox,2016-03-16,2016-04-27,hold,hold,0.03664186507936518,0.9038462301587301,0.05951190476190474
fomc_20160615,2016-06-15,PanelA,A4_OrdinalForestApprox,2016-04-27,2016-06-15,hold,hold,0.019632936507936405,0.9217857142857144,0.058581349206349186
fomc_20160727,2016-07-27,PanelA,A4_OrdinalForestApprox,2016-06-15,2016-07-27,hold,hold,0.0298343253968254,0.9343680555555556,0.03579761904761904
fomc_20160921,2016-09-21,PanelA,A4_OrdinalForestApprox,2016-07-27,2016-09-21,hold,hold,0.017214285714285738,0.956375,0.026410714285714287
fomc_20161102,2016-11-02,PanelA,A4_OrdinalForestApprox,2016-09-21,2016-11-02,hold,hold,0.0201607142857142,0.9567559523809525,0.023083333333333334
fomc_20161214,2016-12-14,PanelA,A4_OrdinalForestApprox,2016-11-02,2016-12-14,hike,hold,0.01482115800865802,0.9331540404040404,0.0520248015873016
fomc_20170201,2017-02-01,PanelA,A4_OrdinalForestApprox,2016-12-14,2017-02-01,hold,hike,0.024750000000000383,0.3971951659451656,0.578054834054834
fomc_20170315,2017-03-15,PanelA,A4_OrdinalForestApprox,2017-02-01,2017-03-15,hold,hold,0.021794642857142943,0.8389889069264068,0.1392164502164502
fomc_20170503,2017-05-03,PanelA,A4_OrdinalForestApprox,2017-03-15,2017-05-03,hold,hold,0.031183712121212293,0.8442131132756131,0.1246031746031746
fomc_20170614,2017-06-14,PanelA,A4_OrdinalForestApprox,2017-05-03,2017-06-14,hold,hold,0.012232142857142914,0.897110119047619,0.0906577380952381
fomc_20170726,2017-07-26,PanelA,A4_OrdinalForestApprox,2017-06-14,2017-07-26,hold,hold,0.018943452380952297,0.9039871031746033,0.07706944444444443
fomc_20170920,2017-09-20,PanelA,A4_OrdinalForestApprox,2017-07-26,2017-09-20,hold,hold,0.015160714285714527,0.9221577380952379,0.0626815476190476
fomc_20171101,2017-11-01,PanelA,A4_OrdinalForestApprox,2017-09-20,2017-11-01,hold,hold,0.008836309523809649,0.9441507936507936,0.04701289682539682
fomc_20171213,2017-12-13,PanelA,A4_OrdinalForestApprox,2017-11-01,2017-12-13,hold,hold,0.009220238095238198,0.9537380952380952,0.03704166666666667
fomc_20180131,2018-01-31,PanelA,A4_OrdinalForestApprox,2017-12-13,2018-01-31,hold,hold,0.01624404761904774,0.9297410714285713,0.054014880952380925
fomc_20180321,2018-03-21,PanelA,A4_OrdinalForestApprox,2018-01-31,2018-03-21,hold,hold,0.02055952380952375,0.9394821428571429,0.03995833333333333
fomc_20180502,2018-05-02,PanelA,A4_OrdinalForestApprox,2018-03-21,2018-05-02,hold,hold,0.01629464285714277,0.87775,0.10595535714285717
fomc_20180613,2018-06-13,PanelA,A4_OrdinalForestApprox,2018-05-02,2018-06-13,hold,hold,0.01666369047619043,0.8853005952380953,0.09803571428571425
fomc_20180801,2018-08-01,PanelA,A4_OrdinalForestApprox,2018-06-13,2018-08-01,hold,hold,0.03532638888888873,0.8884474206349208,0.07622619047619048
fomc_20180926,2018-09-26,PanelA,A4_OrdinalForestApprox,2018-08-01,2018-09-26,hold,hold,0.027698593073593014,0.8711446608946609,0.10115674603174606
fomc_20181108,2018-11-08,PanelA,A4_OrdinalForestApprox,2018-09-26,2018-11-08,hold,hold,0.018675595238095144,0.8883555194805196,0.09296888528138526
fomc_20181219,2018-12-19,PanelA,A4_OrdinalForestApprox,2018-11-08,2018-12-19,hold,hold,0.04742361111111093,0.9102598304473306,0.04231655844155845
fomc_20190130,2019-01-30,PanelA,A4_OrdinalForestApprox,2018-12-19,2019-01-30,hold,hold,0.013017857142857192,0.944468253968254,0.04251388888888888
fomc_20190320,2019-03-20,PanelA,A4_OrdinalForestApprox,2019-01-30,2019-03-20,hold,hold,0.009069444444444352,0.948139880952381,0.04279067460317461
fomc_20190501,2019-05-01,PanelA,A4_OrdinalForestApprox,2019-03-20,2019-05-01,hold,hold,0.02461904761904765,0.9547321428571428,0.02064880952380952
fomc_20190619,2019-06-19,PanelA,A4_OrdinalForestApprox,2019-05-01,2019-06-19,hold,hold,0.01857738095238093,0.965577380952381,0.015845238095238093
fomc_20190731,2019-07-31,PanelA,A4_OrdinalForestApprox,2019-06-19,2019-07-31,hold,hold,0.032077380952380885,0.9535436507936509,0.014378968253968252
fomc_20190918,2019-09-18,PanelA,A4_OrdinalForestApprox,2019-07-31,2019-09-18,hold,hold,0.02323809523809517,0.9705059523809525,0.006255952380952379
fomc_20191011,2019-10-11,PanelA,A4_OrdinalForestApprox,2019-09-18,2019-10-11,hold,hold,0.012321428571428483,0.9847589285714287,0.0029196428571428568
fomc_20191030,2019-10-30,PanelA,A4_OrdinalForestApprox,2019-10-11,2019-10-30,hold,hold,0.021404761904762037,0.9677817460317459,0.010813492063492063
fomc_20191211,2019-12-11,PanelA,A4_OrdinalForestApprox,2019-10-30,2019-12-11,hold,hold,0.018208333333333493,0.9699523809523808,0.011839285714285712
fomc_20200129,2020-01-29,PanelA,A4_OrdinalForestApprox,2019-12-11,2020-01-29,hold,hold,0.050152777777777824,0.9177222222222222,0.03212500000000001
fomc_20200303,2020-03-03,PanelA,A4_OrdinalForestApprox,2020-01-29,2020-03-03,hold,hold,0.128920634920635,0.8520823412698412,0.01899702380952381
fomc_20200315,2020-03-15,PanelA,A4_OrdinalForestApprox,2020-03-03,2020-03-15,hold,hold,0.1277817460317462,0.8550682720057718,0.01714998196248196
fomc_20200319,2020-03-19,PanelA,A4_OrdinalForestApprox,2020-03-15,2020-03-19,hold,hold,0.19277213064713083,0.7856633852258851,0.021564484126984126
fomc_20200323,2020-03-23,PanelA,A4_OrdinalForestApprox,2020-03-19,2020-03-23,hold,hold,0.15666715229215267,0.8289905858030854,0.014342261904761905
fomc_20200331,2020-03-31,PanelA,A4_OrdinalForestApprox,2020-03-23,2020-03-31,hold,hold,0.16227092352092354,0.8283094336219337,0.009419642857142857
fomc_20200429,2020-04-29,PanelA,A4_OrdinalForestApprox,2020-03-31,2020-04-29,hold,hold,0.12038392857142854,0.8718809523809524,0.007735119047619048
fomc_20200610,2020-06-10,PanelA,A4_OrdinalForestApprox,2020-04-29,2020-06-10,hold,hold,0.038061507936507866,0.9422718253968255,0.019666666666666662
fomc_20200729,2020-07-29,PanelA,A4_OrdinalForestApprox,2020-06-10,2020-07-29,hold,hold,0.037563492063491744,0.9402430555555559,0.022193452380952383
fomc_20200916,2020-09-16,PanelA,A4_OrdinalForestApprox,2020-07-29,2020-09-16,hold,hold,0.02817261904761892,0.9537619047619049,0.01806547619047619
fomc_20201105,2020-11-05,PanelA,A4_OrdinalForestApprox,2020-09-16,2020-11-05,hold,hold,0.02214285714285691,0.9652916666666669,0.01256547619047619
fomc_20201216,2020-12-16,PanelA,A4_OrdinalForestApprox,2020-11-05,2020-12-16,hold,hold,0.014710317460317368,0.9733194444444445,0.011970238095238095
fomc_20210127,2021-01-27,PanelA,A4_OrdinalForestApprox,2020-12-16,2021-01-27,hold,hold,0.009404761904761916,0.9802857142857143,0.010309523809523808
fomc_20210317,2021-03-17,PanelA,A4_OrdinalForestApprox,2021-01-27,2021-03-17,hold,hold,0.02541269841269811,0.9671587301587304,0.0074285714285714285
fomc_20210428,2021-04-28,PanelA,A4_OrdinalForestApprox,2021-03-17,2021-04-28,hold,hold,0.022373015873015545,0.9669513888888892,0.01067559523809524
fomc_20210616,2021-06-16,PanelA,A4_OrdinalForestApprox,2021-04-28,2021-06-16,hold,hold,0.16159920634920621,0.6464573412698414,0.1919434523809523
fomc_20210728,2021-07-28,PanelA,A4_OrdinalForestApprox,2021-06-16,2021-07-28,hold,hold,0.18846092796092773,0.6752790750915754,0.13625999694749696
fomc_20210922,2021-09-22,PanelA,A4_OrdinalForestApprox,2021-07-28,2021-09-22,hold,hold,0.1630178571428571,0.7401676587301588,0.09681448412698415
fomc_20211103,2021-11-03,PanelA,A4_OrdinalForestApprox,2021-09-22,2021-11-03,hold,hold,0.10660813492063481,0.816733134920635,0.07665873015873016
fomc_20211215,2021-12-15,PanelA,A4_OrdinalForestApprox,2021-11-03,2021-12-15,hold,hold,0.09081646825396783,0.8625970418470422,0.046586489898989905
fomc_20220126,2022-01-26,PanelA,A4_OrdinalForestApprox,2021-12-15,2022-01-26,hold,hold,0.1046439393939389,0.8456445707070712,0.049711489898989915
fomc_20220316,2022-03-16,PanelA,A4_OrdinalForestApprox,2022-01-26,2022-03-16,hold,hold,0.11949512987012956,0.8144996392496395,0.06600523088023086
fomc_20220504,2022-05-04,PanelA,A4_OrdinalForestApprox,2022-03-16,2022-05-04,hold,hold,0.08498268398268383,0.8391759559884562,0.07584136002886
fomc_20220615,2022-06-15,PanelA,A4_OrdinalForestApprox,2022-05-04,2022-06-15,hold,hold,0.14169047619047603,0.7946577380952383,0.06365178571428567
fomc_20220727,2022-07-27,PanelA,A4_OrdinalForestApprox,2022-06-15,2022-07-27,hold,hold,0.04663690476190452,0.9038630952380955,0.04949999999999998
fomc_20220921,2022-09-21,PanelA,A4_OrdinalForestApprox,2022-07-27,2022-09-21,hold,hold,0.10874523393273361,0.8432607184482188,0.0479940476190476
fomc_20221102,2022-11-02,PanelA,A4_OrdinalForestApprox,2022-09-21,2022-11-02,hold,hold,0.07888576007325998,0.8542342796092797,0.06687996031746031
fomc_20221214,2022-12-14,PanelA,A4_OrdinalForestApprox,2022-11-02,2022-12-14,hold,hold,0.04590575396825358,0.9000939754689758,0.05400027056277056
fomc_20230201,2023-02-01,PanelA,A4_OrdinalForestApprox,2022-12-14,2023-02-01,hold,hold,0.05575595238095199,0.8925116341991346,0.05173241341991342
fomc_20230322,2023-03-22,PanelA,A4_OrdinalForestApprox,2023-02-01,2023-03-22,hold,hold,0.0408937590187588,0.9270159632034634,0.03209027777777779
fomc_20230503,2023-05-03,PanelA,A4_OrdinalForestApprox,2023-03-22,2023-05-03,hold,hold,0.03104464285714259,0.9274623015873018,0.041493055555555554
fomc_20230614,2023-06-14,PanelA,A4_OrdinalForestApprox,2023-05-03,2023-06-14,hold,hold,0.021235119047618878,0.9446121031746033,0.03415277777777778
fomc_20230726,2023-07-26,PanelA,A4_OrdinalForestApprox,2023-06-14,2023-07-26,hold,hold,0.030491071428571215,0.9458908730158733,0.023618055555555552
fomc_20230920,2023-09-20,PanelA,A4_OrdinalForestApprox,2023-07-26,2023-09-20,hold,hold,0.044984397546897315,0.9079481421356423,0.04706746031746032
fomc_20231101,2023-11-01,PanelA,A4_OrdinalForestApprox,2023-09-20,2023-11-01,hold,hold,0.03989213564213545,0.9335165945165947,0.026591269841269846
fomc_20231213,2023-12-13,PanelA,A4_OrdinalForestApprox,2023-11-01,2023-12-13,hold,hold,0.028817640692640478,0.9514343434343436,0.019748015873015872
fomc_20240131,2024-01-31,PanelA,A4_OrdinalForestApprox,2023-12-13,2024-01-31,hold,hold,0.021130952380952528,0.9759523809523808,0.0029166666666666664
fomc_20240320,2024-03-20,PanelA,A4_OrdinalForestApprox,2024-01-31,2024-03-20,hold,hold,0.024751082251082135,0.9719155844155846,0.003333333333333333
fomc_20240501,2024-05-01,PanelA,A4_OrdinalForestApprox,2024-03-20,2024-05-01,hold,hold,0.021628968253968317,0.9561210317460317,0.022250000000000002
fomc_20240612,2024-06-12,PanelA,A4_OrdinalForestApprox,2024-05-01,2024-06-12,hold,hold,0.021359126984127008,0.9752242063492064,0.003416666666666667
fomc_20240731,2024-07-31,PanelA,A4_OrdinalForestApprox,2024-06-12,2024-07-31,hold,hold,0.03549323593073628,0.9627567640692637,0.0017499999999999998
fomc_20240918,2024-09-18,PanelA,A4_OrdinalForestApprox,2024-07-31,2024-09-18,hold,hold,0.05117857142857174,0.9469464285714283,0.001875
fomc_20241107,2024-11-07,PanelA,A4_OrdinalForestApprox,2024-09-18,2024-11-07,hold,hold,0.054267857142803036,0.9457321428561969,9.99999999999e-13
fomc_20241218,2024-12-18,PanelA,A4_OrdinalForestApprox,2024-11-07,2024-12-18,hold,hold,0.04845833333333327,0.9480416666666668,0.0034999999999999996
fomc_20250129,2025-01-29,PanelA,A4_OrdinalForestApprox,2024-12-18,2025-01-29,hold,hold,0.06044047619047621,0.9352261904761905,0.004333333333333333
fomc_20250319,2025-03-19,PanelA,A4_OrdinalForestApprox,2025-01-29,2025-03-19,hold,hold,0.0616388888888888,0.9369027777777779,0.0014583333333333332
fomc_20250507,2025-05-07,PanelA,A4_OrdinalForestApprox,2025-03-19,2025-05-07,hold,hold,0.081001984126984,0.917748015873016,0.00125
fomc_20250618,2025-06-18,PanelA,A4_OrdinalForestApprox,2025-05-07,2025-06-18,hold,hold,0.05545634920634923,0.9412936507936508,0.0032500000000000003
fomc_20250730,2025-07-30,PanelA,A4_OrdinalForestApprox,2025-06-18,2025-07-30,hold,hold,0.02941666666666687,0.9674166666666665,0.0031666666666666666
fomc_20250917,2025-09-17,PanelA,A4_OrdinalForestApprox,2025-07-30,2025-09-17,hold,hold,0.035492063492063464,0.9618412698412698,0.0026666666666666666
fomc_20251029,2025-10-29,PanelA,A4_OrdinalForestApprox,2025-09-17,2025-10-29,hold,hold,0.03461598124098142,0.9645506854256852,0.0008333333333333333
fomc_20251210,2025-12-10,PanelA,A4_OrdinalForestApprox,2025-10-29,2025-12-10,hold,hold,0.029294733044733068,0.9690386002886002,0.0016666666666666666
fomc_20260128,2026-01-28,PanelA,A4_OrdinalForestApprox,2025-12-10,2026-01-28,hold,hold,0.02548106060606048,0.96918262987013,0.0053363095238095236
fomc_20260318,2026-03-18,PanelA,A4_OrdinalForestApprox,2026-01-28,2026-03-18,hold,hold,0.03209911616158399,0.9679008838374159,9.99999999999e-13
